-- MySQL dump 10.13  Distrib 5.6.23, for Win32 (x86)
--
-- Host: localhost    Database: sac
-- ------------------------------------------------------
-- Server version	5.6.23-log

/*!40101 SET @OLD_CHARACTER_SET_CLIENT=@@CHARACTER_SET_CLIENT */;
/*!40101 SET @OLD_CHARACTER_SET_RESULTS=@@CHARACTER_SET_RESULTS */;
/*!40101 SET @OLD_COLLATION_CONNECTION=@@COLLATION_CONNECTION */;
/*!40101 SET NAMES utf8 */;
/*!40103 SET @OLD_TIME_ZONE=@@TIME_ZONE */;
/*!40103 SET TIME_ZONE='+00:00' */;
/*!40014 SET @OLD_UNIQUE_CHECKS=@@UNIQUE_CHECKS, UNIQUE_CHECKS=0 */;
/*!40014 SET @OLD_FOREIGN_KEY_CHECKS=@@FOREIGN_KEY_CHECKS, FOREIGN_KEY_CHECKS=0 */;
/*!40101 SET @OLD_SQL_MODE=@@SQL_MODE, SQL_MODE='NO_AUTO_VALUE_ON_ZERO' */;
/*!40111 SET @OLD_SQL_NOTES=@@SQL_NOTES, SQL_NOTES=0 */;

--
-- Table structure for table `antecedente`
--

DROP TABLE IF EXISTS `antecedente`;
/*!40101 SET @saved_cs_client     = @@character_set_client */;
/*!40101 SET character_set_client = utf8 */;
CREATE TABLE `antecedente` (
  `idantecedente` int(10) unsigned NOT NULL,
  `fk_idunico` int(10) unsigned NOT NULL,
  `tipo` varchar(25) NOT NULL,
  `nombreantecedentepac` varchar(255) NOT NULL,
  `descripcion` varchar(255) NOT NULL,
  PRIMARY KEY (`idantecedente`),
  KEY `antecedente_idfk_1` (`fk_idunico`),
  CONSTRAINT `antecedente_idfk_1` FOREIGN KEY (`fk_idunico`) REFERENCES `expediente` (`idunico`) ON DELETE CASCADE ON UPDATE CASCADE
) ENGINE=InnoDB DEFAULT CHARSET=utf8;
/*!40101 SET character_set_client = @saved_cs_client */;

--
-- Dumping data for table `antecedente`
--

LOCK TABLES `antecedente` WRITE;
/*!40000 ALTER TABLE `antecedente` DISABLE KEYS */;
/*!40000 ALTER TABLE `antecedente` ENABLE KEYS */;
UNLOCK TABLES;

--
-- Table structure for table `antecedentefam`
--

DROP TABLE IF EXISTS `antecedentefam`;
/*!40101 SET @saved_cs_client     = @@character_set_client */;
/*!40101 SET character_set_client = utf8 */;
CREATE TABLE `antecedentefam` (
  `idantecedentefam` int(10) unsigned NOT NULL,
  `fk_idfamiliar` int(10) unsigned NOT NULL,
  `tipoantecedentefam` varchar(25) NOT NULL,
  `nombreantecedentefam` varchar(255) NOT NULL,
  `descripcion` varchar(255) NOT NULL,
  PRIMARY KEY (`idantecedentefam`),
  KEY `antecedentefam_idfk_1` (`fk_idfamiliar`),
  CONSTRAINT `antecedentefam_idfk_1` FOREIGN KEY (`fk_idfamiliar`) REFERENCES `familiar` (`idfamiliar`) ON DELETE CASCADE ON UPDATE CASCADE
) ENGINE=InnoDB DEFAULT CHARSET=utf8;
/*!40101 SET character_set_client = @saved_cs_client */;

--
-- Dumping data for table `antecedentefam`
--

LOCK TABLES `antecedentefam` WRITE;
/*!40000 ALTER TABLE `antecedentefam` DISABLE KEYS */;
/*!40000 ALTER TABLE `antecedentefam` ENABLE KEYS */;
UNLOCK TABLES;

--
-- Table structure for table `cita`
--

DROP TABLE IF EXISTS `cita`;
/*!40101 SET @saved_cs_client     = @@character_set_client */;
/*!40101 SET character_set_client = utf8 */;
CREATE TABLE `cita` (
  `idcita` int(10) unsigned NOT NULL,
  `fk_idhorarioocupado` int(10) unsigned NOT NULL,
  `idorigen` varchar(50) NOT NULL,
  `pagada` bit(1) NOT NULL,
  `nombrepaciente` varchar(255) NOT NULL,
  PRIMARY KEY (`idcita`),
  KEY `cita_idfk_1` (`fk_idhorarioocupado`),
  CONSTRAINT `cita_idfk_1` FOREIGN KEY (`fk_idhorarioocupado`) REFERENCES `horarioocupado` (`idhorarioocupado`) ON DELETE CASCADE ON UPDATE CASCADE
) ENGINE=InnoDB DEFAULT CHARSET=utf8;
/*!40101 SET character_set_client = @saved_cs_client */;

--
-- Dumping data for table `cita`
--

LOCK TABLES `cita` WRITE;
/*!40000 ALTER TABLE `cita` DISABLE KEYS */;
INSERT INTO `cita` VALUES (6,6,'medico65@gmail.com','','Nombre del paciente'),(9,9,'medico5@gmail.com','','Nombre del paciente'),(10,10,'medico83@gmail.com','\0','Nombre del paciente'),(15,15,'medico48@gmail.com','','Nombre del paciente'),(21,21,'medico83@gmail.com','\0','Nombre del paciente'),(23,23,'medico94@gmail.com','\0','Nombre del paciente'),(29,29,'medico59@gmail.com','','Nombre del paciente'),(30,30,'medico48@gmail.com','','Nombre del paciente'),(36,36,'medico66@gmail.com','\0','Nombre del paciente'),(42,42,'medico9@gmail.com','','Nombre del paciente'),(44,44,'medico90@gmail.com','\0','Nombre del paciente'),(47,47,'medico35@gmail.com','','Nombre del paciente'),(49,49,'medico4@gmail.com','\0','Nombre del paciente'),(50,50,'medico54@gmail.com','','Nombre del paciente'),(53,53,'medico79@gmail.com','\0','Nombre del paciente'),(55,55,'medico80@gmail.com','\0','Nombre del paciente'),(59,59,'medico45@gmail.com','','Nombre del paciente'),(60,60,'medico30@gmail.com','','Nombre del paciente'),(61,61,'medico2@gmail.com','','Nombre del paciente'),(63,63,'medico35@gmail.com','\0','Nombre del paciente'),(64,64,'medico95@gmail.com','','Nombre del paciente'),(65,65,'medico65@gmail.com','\0','Nombre del paciente'),(69,69,'medico63@gmail.com','\0','Nombre del paciente'),(70,70,'medico87@gmail.com','\0','Nombre del paciente'),(71,71,'medico82@gmail.com','','Nombre del paciente'),(72,72,'medico42@gmail.com','','Nombre del paciente'),(74,74,'medico27@gmail.com','\0','Nombre del paciente'),(77,77,'medico87@gmail.com','\0','Nombre del paciente'),(78,78,'medico2@gmail.com','','Nombre del paciente'),(82,82,'medico23@gmail.com','\0','Nombre del paciente'),(89,89,'medico38@gmail.com','\0','Nombre del paciente'),(93,93,'medico72@gmail.com','\0','Nombre del paciente'),(96,96,'medico21@gmail.com','','Nombre del paciente'),(99,99,'medico7@gmail.com','','Nombre del paciente'),(103,103,'medico12@gmail.com','','Nombre del paciente'),(105,105,'medico48@gmail.com','','Nombre del paciente'),(109,109,'medico18@gmail.com','','Nombre del paciente'),(115,115,'medico41@gmail.com','\0','Nombre del paciente'),(117,117,'medico1@gmail.com','','Nombre del paciente'),(120,120,'medico14@gmail.com','\0','Nombre del paciente'),(126,126,'medico74@gmail.com','','Nombre del paciente'),(128,128,'medico21@gmail.com','','Nombre del paciente'),(133,133,'medico12@gmail.com','','Nombre del paciente'),(134,134,'medico8@gmail.com','\0','Nombre del paciente'),(135,135,'medico89@gmail.com','\0','Nombre del paciente'),(140,140,'medico57@gmail.com','\0','Nombre del paciente'),(141,141,'medico69@gmail.com','','Nombre del paciente'),(142,142,'medico51@gmail.com','','Nombre del paciente'),(145,145,'medico42@gmail.com','\0','Nombre del paciente'),(148,148,'medico17@gmail.com','\0','Nombre del paciente'),(150,150,'medico11@gmail.com','\0','Nombre del paciente'),(152,152,'medico6@gmail.com','','Nombre del paciente'),(154,154,'medico19@gmail.com','','Nombre del paciente'),(155,155,'medico32@gmail.com','','Nombre del paciente'),(156,156,'medico96@gmail.com','\0','Nombre del paciente'),(158,158,'medico26@gmail.com','','Nombre del paciente'),(173,173,'medico48@gmail.com','','Nombre del paciente'),(178,178,'medico75@gmail.com','\0','Nombre del paciente'),(182,182,'medico8@gmail.com','\0','Nombre del paciente'),(185,185,'medico53@gmail.com','','Nombre del paciente'),(189,189,'medico85@gmail.com','\0','Nombre del paciente'),(191,191,'medico64@gmail.com','\0','Nombre del paciente'),(197,197,'medico17@gmail.com','\0','Nombre del paciente'),(198,198,'medico77@gmail.com','','Nombre del paciente'),(203,203,'medico13@gmail.com','\0','Nombre del paciente'),(206,206,'medico72@gmail.com','\0','Nombre del paciente'),(207,207,'medico96@gmail.com','','Nombre del paciente'),(208,208,'medico55@gmail.com','\0','Nombre del paciente'),(209,209,'medico2@gmail.com','\0','Nombre del paciente'),(210,210,'medico63@gmail.com','','Nombre del paciente'),(212,212,'medico85@gmail.com','','Nombre del paciente'),(214,214,'medico83@gmail.com','','Nombre del paciente'),(215,215,'medico18@gmail.com','','Nombre del paciente'),(220,220,'medico17@gmail.com','\0','Nombre del paciente'),(224,224,'medico23@gmail.com','\0','Nombre del paciente'),(225,225,'medico30@gmail.com','\0','Nombre del paciente'),(226,226,'medico30@gmail.com','','Nombre del paciente'),(227,227,'medico39@gmail.com','\0','Nombre del paciente'),(230,230,'medico14@gmail.com','','Nombre del paciente'),(231,231,'medico38@gmail.com','\0','Nombre del paciente'),(236,236,'medico31@gmail.com','','Nombre del paciente'),(237,237,'medico80@gmail.com','','Nombre del paciente'),(240,240,'medico13@gmail.com','','Nombre del paciente'),(248,248,'medico24@gmail.com','\0','Nombre del paciente'),(254,254,'medico8@gmail.com','\0','Nombre del paciente'),(260,260,'medico42@gmail.com','','Nombre del paciente'),(261,261,'medico32@gmail.com','\0','Nombre del paciente'),(262,262,'medico50@gmail.com','','Nombre del paciente'),(267,267,'medico9@gmail.com','\0','Nombre del paciente'),(269,269,'medico88@gmail.com','','Nombre del paciente'),(270,270,'medico84@gmail.com','\0','Nombre del paciente'),(275,275,'medico32@gmail.com','\0','Nombre del paciente'),(279,279,'medico83@gmail.com','\0','Nombre del paciente'),(281,281,'medico76@gmail.com','','Nombre del paciente'),(283,283,'medico76@gmail.com','\0','Nombre del paciente'),(284,284,'medico75@gmail.com','','Nombre del paciente'),(287,287,'medico58@gmail.com','','Nombre del paciente'),(291,291,'medico56@gmail.com','','Nombre del paciente'),(293,293,'medico79@gmail.com','\0','Nombre del paciente'),(297,297,'medico82@gmail.com','','Nombre del paciente'),(299,299,'medico68@gmail.com','\0','Nombre del paciente'),(300,300,'medico86@gmail.com','\0','Nombre del paciente'),(305,305,'medico14@gmail.com','','Nombre del paciente'),(306,306,'medico55@gmail.com','\0','Nombre del paciente'),(307,307,'medico68@gmail.com','\0','Nombre del paciente'),(313,313,'medico79@gmail.com','\0','Nombre del paciente'),(325,325,'medico76@gmail.com','\0','Nombre del paciente'),(330,330,'medico98@gmail.com','','Nombre del paciente'),(331,331,'medico99@gmail.com','','Nombre del paciente'),(337,337,'medico52@gmail.com','','Nombre del paciente'),(340,340,'medico34@gmail.com','','Nombre del paciente'),(346,346,'medico80@gmail.com','','Nombre del paciente'),(347,347,'medico22@gmail.com','','Nombre del paciente'),(354,354,'medico39@gmail.com','','Nombre del paciente'),(362,362,'medico82@gmail.com','','Nombre del paciente'),(363,363,'medico47@gmail.com','','Nombre del paciente'),(369,369,'medico52@gmail.com','','Nombre del paciente'),(372,372,'medico35@gmail.com','\0','Nombre del paciente'),(376,376,'medico65@gmail.com','\0','Nombre del paciente'),(378,378,'medico11@gmail.com','','Nombre del paciente'),(388,388,'medico73@gmail.com','\0','Nombre del paciente'),(389,389,'medico29@gmail.com','','Nombre del paciente'),(393,393,'medico80@gmail.com','','Nombre del paciente'),(394,394,'medico90@gmail.com','\0','Nombre del paciente'),(398,398,'medico4@gmail.com','\0','Nombre del paciente'),(401,401,'medico58@gmail.com','\0','Nombre del paciente'),(402,402,'medico38@gmail.com','\0','Nombre del paciente'),(404,404,'medico36@gmail.com','','Nombre del paciente'),(405,405,'medico98@gmail.com','\0','Nombre del paciente'),(406,406,'medico65@gmail.com','','Nombre del paciente'),(407,407,'medico95@gmail.com','\0','Nombre del paciente'),(414,414,'medico83@gmail.com','','Nombre del paciente'),(416,416,'medico83@gmail.com','','Nombre del paciente'),(417,417,'medico48@gmail.com','','Nombre del paciente'),(418,418,'medico93@gmail.com','\0','Nombre del paciente'),(421,421,'medico69@gmail.com','','Nombre del paciente'),(423,423,'medico51@gmail.com','\0','Nombre del paciente'),(427,427,'medico96@gmail.com','\0','Nombre del paciente'),(428,428,'medico53@gmail.com','','Nombre del paciente'),(431,431,'medico81@gmail.com','','Nombre del paciente'),(436,436,'medico3@gmail.com','','Nombre del paciente'),(438,438,'medico85@gmail.com','\0','Nombre del paciente'),(446,446,'medico43@gmail.com','','Nombre del paciente'),(448,448,'medico88@gmail.com','','Nombre del paciente'),(449,449,'medico23@gmail.com','\0','Nombre del paciente'),(451,451,'medico61@gmail.com','\0','Nombre del paciente'),(458,458,'medico75@gmail.com','\0','Nombre del paciente'),(462,462,'medico23@gmail.com','','Nombre del paciente'),(464,464,'medico15@gmail.com','\0','Nombre del paciente'),(467,467,'medico1@gmail.com','\0','Nombre del paciente'),(470,470,'medico20@gmail.com','\0','Nombre del paciente'),(471,471,'medico60@gmail.com','','Nombre del paciente'),(473,473,'medico42@gmail.com','\0','Nombre del paciente'),(475,475,'medico39@gmail.com','\0','Nombre del paciente'),(476,476,'medico96@gmail.com','','Nombre del paciente'),(477,477,'medico72@gmail.com','','Nombre del paciente'),(481,481,'medico62@gmail.com','','Nombre del paciente'),(483,483,'medico45@gmail.com','\0','Nombre del paciente'),(484,484,'medico84@gmail.com','\0','Nombre del paciente'),(488,488,'medico2@gmail.com','','Nombre del paciente'),(489,489,'medico35@gmail.com','','Nombre del paciente'),(493,493,'medico26@gmail.com','','Nombre del paciente'),(494,494,'medico73@gmail.com','','Nombre del paciente'),(500,500,'medico12@gmail.com','\0','Nombre del paciente'),(501,501,'medico54@gmail.com','','Nombre del paciente'),(506,506,'medico63@gmail.com','','Nombre del paciente'),(507,507,'medico32@gmail.com','','Nombre del paciente'),(508,508,'medico9@gmail.com','','Nombre del paciente'),(509,509,'medico43@gmail.com','\0','Nombre del paciente'),(511,511,'medico70@gmail.com','','Nombre del paciente'),(514,514,'medico29@gmail.com','\0','Nombre del paciente'),(521,521,'medico16@gmail.com','','Nombre del paciente'),(526,526,'medico22@gmail.com','\0','Nombre del paciente'),(531,531,'medico32@gmail.com','\0','Nombre del paciente'),(533,533,'medico72@gmail.com','','Nombre del paciente'),(534,534,'medico78@gmail.com','\0','Nombre del paciente'),(535,535,'medico78@gmail.com','','Nombre del paciente'),(538,538,'medico12@gmail.com','\0','Nombre del paciente'),(539,539,'medico99@gmail.com','\0','Nombre del paciente'),(540,540,'medico92@gmail.com','','Nombre del paciente'),(541,541,'medico24@gmail.com','\0','Nombre del paciente'),(542,542,'medico37@gmail.com','','Nombre del paciente'),(544,544,'medico99@gmail.com','','Nombre del paciente'),(546,546,'medico80@gmail.com','','Nombre del paciente'),(547,547,'medico67@gmail.com','','Nombre del paciente'),(550,550,'medico53@gmail.com','','Nombre del paciente'),(551,551,'medico19@gmail.com','','Nombre del paciente'),(557,557,'medico79@gmail.com','\0','Nombre del paciente'),(563,563,'medico77@gmail.com','\0','Nombre del paciente'),(570,570,'medico55@gmail.com','','Nombre del paciente'),(576,576,'medico26@gmail.com','','Nombre del paciente'),(577,577,'medico48@gmail.com','\0','Nombre del paciente'),(582,582,'medico24@gmail.com','\0','Nombre del paciente'),(583,583,'medico62@gmail.com','\0','Nombre del paciente'),(584,584,'medico97@gmail.com','\0','Nombre del paciente'),(590,590,'medico72@gmail.com','\0','Nombre del paciente'),(591,591,'medico60@gmail.com','','Nombre del paciente'),(603,603,'medico17@gmail.com','','Nombre del paciente'),(612,612,'medico35@gmail.com','\0','Nombre del paciente'),(613,613,'medico47@gmail.com','\0','Nombre del paciente'),(616,616,'medico36@gmail.com','\0','Nombre del paciente'),(617,617,'medico41@gmail.com','','Nombre del paciente'),(620,620,'medico94@gmail.com','\0','Nombre del paciente'),(622,622,'medico94@gmail.com','\0','Nombre del paciente'),(624,624,'medico17@gmail.com','','Nombre del paciente'),(625,625,'medico72@gmail.com','\0','Nombre del paciente'),(629,629,'medico60@gmail.com','\0','Nombre del paciente'),(630,630,'medico67@gmail.com','','Nombre del paciente'),(631,631,'medico21@gmail.com','\0','Nombre del paciente'),(632,632,'medico86@gmail.com','','Nombre del paciente'),(634,634,'medico81@gmail.com','\0','Nombre del paciente'),(638,638,'medico59@gmail.com','\0','Nombre del paciente'),(640,640,'medico54@gmail.com','\0','Nombre del paciente'),(641,641,'medico48@gmail.com','','Nombre del paciente'),(643,643,'medico35@gmail.com','','Nombre del paciente'),(646,646,'medico7@gmail.com','\0','Nombre del paciente'),(651,651,'medico5@gmail.com','\0','Nombre del paciente'),(662,662,'medico25@gmail.com','','Nombre del paciente'),(663,663,'medico90@gmail.com','','Nombre del paciente'),(666,666,'medico52@gmail.com','\0','Nombre del paciente'),(668,668,'medico15@gmail.com','\0','Nombre del paciente'),(669,669,'medico3@gmail.com','','Nombre del paciente'),(674,674,'medico89@gmail.com','\0','Nombre del paciente'),(675,675,'medico77@gmail.com','','Nombre del paciente'),(686,686,'medico90@gmail.com','\0','Nombre del paciente'),(687,687,'medico70@gmail.com','\0','Nombre del paciente'),(693,693,'medico20@gmail.com','','Nombre del paciente'),(694,694,'medico88@gmail.com','\0','Nombre del paciente'),(699,699,'medico13@gmail.com','\0','Nombre del paciente'),(703,703,'medico88@gmail.com','','Nombre del paciente'),(706,706,'medico66@gmail.com','','Nombre del paciente'),(707,707,'medico49@gmail.com','\0','Nombre del paciente'),(709,709,'medico39@gmail.com','','Nombre del paciente'),(718,718,'medico16@gmail.com','\0','Nombre del paciente'),(719,719,'medico76@gmail.com','\0','Nombre del paciente'),(726,726,'medico58@gmail.com','\0','Nombre del paciente'),(729,729,'medico3@gmail.com','','Nombre del paciente'),(731,731,'medico23@gmail.com','\0','Nombre del paciente'),(732,732,'medico25@gmail.com','','Nombre del paciente'),(735,735,'medico12@gmail.com','\0','Nombre del paciente'),(737,737,'medico79@gmail.com','','Nombre del paciente'),(738,738,'medico67@gmail.com','','Nombre del paciente'),(739,739,'medico86@gmail.com','','Nombre del paciente'),(742,742,'medico51@gmail.com','\0','Nombre del paciente'),(743,743,'medico73@gmail.com','\0','Nombre del paciente'),(747,747,'medico46@gmail.com','','Nombre del paciente'),(749,749,'medico41@gmail.com','','Nombre del paciente'),(750,750,'medico86@gmail.com','\0','Nombre del paciente'),(753,753,'medico94@gmail.com','','Nombre del paciente'),(755,755,'medico53@gmail.com','','Nombre del paciente'),(758,758,'medico1@gmail.com','\0','Nombre del paciente'),(759,759,'medico85@gmail.com','','Nombre del paciente'),(764,764,'medico15@gmail.com','\0','Nombre del paciente'),(767,767,'medico40@gmail.com','\0','Nombre del paciente'),(769,769,'medico92@gmail.com','','Nombre del paciente'),(775,775,'medico67@gmail.com','\0','Nombre del paciente'),(776,776,'medico67@gmail.com','\0','Nombre del paciente'),(777,777,'medico39@gmail.com','','Nombre del paciente'),(778,778,'medico15@gmail.com','','Nombre del paciente'),(779,779,'medico24@gmail.com','\0','Nombre del paciente'),(782,782,'medico86@gmail.com','\0','Nombre del paciente'),(785,785,'medico33@gmail.com','','Nombre del paciente'),(786,786,'medico40@gmail.com','\0','Nombre del paciente'),(787,787,'medico59@gmail.com','','Nombre del paciente'),(794,794,'medico43@gmail.com','\0','Nombre del paciente'),(797,797,'medico71@gmail.com','','Nombre del paciente'),(802,802,'medico68@gmail.com','\0','Nombre del paciente'),(803,803,'medico24@gmail.com','','Nombre del paciente'),(806,806,'medico61@gmail.com','','Nombre del paciente'),(807,807,'medico16@gmail.com','','Nombre del paciente'),(808,808,'medico49@gmail.com','','Nombre del paciente'),(809,809,'medico5@gmail.com','\0','Nombre del paciente'),(811,811,'medico20@gmail.com','','Nombre del paciente'),(814,814,'medico73@gmail.com','','Nombre del paciente'),(818,818,'medico93@gmail.com','\0','Nombre del paciente'),(821,821,'medico76@gmail.com','\0','Nombre del paciente'),(823,823,'medico70@gmail.com','\0','Nombre del paciente'),(824,824,'medico22@gmail.com','','Nombre del paciente'),(829,829,'medico69@gmail.com','\0','Nombre del paciente'),(830,830,'medico43@gmail.com','\0','Nombre del paciente'),(831,831,'medico32@gmail.com','','Nombre del paciente'),(834,834,'medico79@gmail.com','','Nombre del paciente'),(835,835,'medico97@gmail.com','','Nombre del paciente'),(837,837,'medico88@gmail.com','\0','Nombre del paciente'),(843,843,'medico55@gmail.com','','Nombre del paciente'),(848,848,'medico3@gmail.com','','Nombre del paciente'),(849,849,'medico29@gmail.com','','Nombre del paciente'),(854,854,'medico59@gmail.com','\0','Nombre del paciente'),(865,865,'medico57@gmail.com','\0','Nombre del paciente'),(866,866,'medico10@gmail.com','','Nombre del paciente'),(867,867,'medico40@gmail.com','','Nombre del paciente'),(870,870,'medico6@gmail.com','\0','Nombre del paciente'),(872,872,'medico64@gmail.com','','Nombre del paciente'),(877,877,'medico74@gmail.com','','Nombre del paciente'),(881,881,'medico17@gmail.com','\0','Nombre del paciente'),(882,882,'medico15@gmail.com','','Nombre del paciente'),(883,883,'medico93@gmail.com','\0','Nombre del paciente'),(884,884,'medico21@gmail.com','','Nombre del paciente'),(892,892,'medico38@gmail.com','\0','Nombre del paciente'),(893,893,'medico67@gmail.com','','Nombre del paciente'),(897,897,'medico49@gmail.com','\0','Nombre del paciente'),(901,901,'medico66@gmail.com','\0','Nombre del paciente'),(903,903,'medico0@gmail.com','\0','Nombre del paciente'),(904,904,'medico93@gmail.com','','Nombre del paciente'),(907,907,'medico20@gmail.com','','Nombre del paciente'),(910,910,'medico59@gmail.com','','Nombre del paciente'),(912,912,'medico13@gmail.com','\0','Nombre del paciente'),(914,914,'medico19@gmail.com','','Nombre del paciente'),(916,916,'medico32@gmail.com','\0','Nombre del paciente'),(918,918,'medico99@gmail.com','','Nombre del paciente'),(923,923,'medico55@gmail.com','\0','Nombre del paciente'),(927,927,'medico92@gmail.com','','Nombre del paciente'),(929,929,'medico4@gmail.com','','Nombre del paciente'),(930,930,'medico22@gmail.com','','Nombre del paciente'),(934,934,'medico19@gmail.com','\0','Nombre del paciente'),(939,939,'medico18@gmail.com','\0','Nombre del paciente'),(945,945,'medico80@gmail.com','','Nombre del paciente'),(947,947,'medico40@gmail.com','\0','Nombre del paciente'),(948,948,'medico38@gmail.com','\0','Nombre del paciente'),(959,959,'medico60@gmail.com','\0','Nombre del paciente'),(962,962,'medico10@gmail.com','\0','Nombre del paciente'),(963,963,'medico47@gmail.com','','Nombre del paciente'),(968,968,'medico64@gmail.com','\0','Nombre del paciente'),(969,969,'medico27@gmail.com','','Nombre del paciente'),(976,976,'medico54@gmail.com','\0','Nombre del paciente'),(977,977,'medico26@gmail.com','','Nombre del paciente'),(978,978,'medico19@gmail.com','','Nombre del paciente'),(980,980,'medico44@gmail.com','\0','Nombre del paciente'),(981,981,'medico76@gmail.com','','Nombre del paciente'),(982,982,'medico30@gmail.com','\0','Nombre del paciente'),(985,985,'medico38@gmail.com','\0','Nombre del paciente'),(987,987,'medico37@gmail.com','\0','Nombre del paciente'),(989,989,'medico55@gmail.com','\0','Nombre del paciente'),(991,991,'medico52@gmail.com','\0','Nombre del paciente'),(994,994,'medico23@gmail.com','\0','Nombre del paciente'),(996,996,'medico35@gmail.com','','Nombre del paciente'),(997,997,'medico93@gmail.com','','Nombre del paciente'),(999,999,'medico84@gmail.com','\0','Nombre del paciente'),(1005,1005,'medico71@gmail.com','\0','Nombre del paciente'),(1006,1006,'medico68@gmail.com','\0','Nombre del paciente'),(1007,1007,'medico16@gmail.com','\0','Nombre del paciente'),(1011,1011,'medico6@gmail.com','','Nombre del paciente'),(1013,1013,'medico55@gmail.com','\0','Nombre del paciente'),(1014,1014,'medico41@gmail.com','','Nombre del paciente'),(1017,1017,'medico79@gmail.com','','Nombre del paciente'),(1018,1018,'medico55@gmail.com','\0','Nombre del paciente'),(1026,1026,'medico0@gmail.com','','Nombre del paciente'),(1027,1027,'medico62@gmail.com','','Nombre del paciente'),(1028,1028,'medico63@gmail.com','\0','Nombre del paciente'),(1031,1031,'medico42@gmail.com','','Nombre del paciente'),(1036,1036,'medico91@gmail.com','','Nombre del paciente'),(1039,1039,'medico51@gmail.com','\0','Nombre del paciente'),(1040,1040,'medico74@gmail.com','','Nombre del paciente'),(1042,1042,'medico64@gmail.com','\0','Nombre del paciente'),(1043,1043,'medico68@gmail.com','','Nombre del paciente'),(1045,1045,'medico49@gmail.com','','Nombre del paciente'),(1057,1057,'medico77@gmail.com','','Nombre del paciente'),(1062,1062,'medico91@gmail.com','','Nombre del paciente'),(1064,1064,'medico29@gmail.com','\0','Nombre del paciente'),(1066,1066,'medico5@gmail.com','\0','Nombre del paciente'),(1067,1067,'medico32@gmail.com','\0','Nombre del paciente'),(1070,1070,'medico18@gmail.com','\0','Nombre del paciente'),(1078,1078,'medico24@gmail.com','\0','Nombre del paciente'),(1084,1084,'medico89@gmail.com','','Nombre del paciente'),(1089,1089,'medico11@gmail.com','\0','Nombre del paciente'),(1090,1090,'medico96@gmail.com','','Nombre del paciente'),(1097,1097,'medico15@gmail.com','','Nombre del paciente'),(1099,1099,'medico32@gmail.com','','Nombre del paciente'),(1102,1102,'medico43@gmail.com','\0','Nombre del paciente'),(1106,1106,'medico8@gmail.com','\0','Nombre del paciente'),(1107,1107,'medico54@gmail.com','','Nombre del paciente'),(1109,1109,'medico47@gmail.com','','Nombre del paciente'),(1110,1110,'medico44@gmail.com','','Nombre del paciente'),(1111,1111,'medico5@gmail.com','','Nombre del paciente'),(1116,1116,'medico99@gmail.com','\0','Nombre del paciente'),(1117,1117,'medico74@gmail.com','','Nombre del paciente'),(1126,1126,'medico23@gmail.com','','Nombre del paciente'),(1127,1127,'medico42@gmail.com','\0','Nombre del paciente'),(1128,1128,'medico74@gmail.com','\0','Nombre del paciente'),(1132,1132,'medico1@gmail.com','','Nombre del paciente'),(1133,1133,'medico25@gmail.com','','Nombre del paciente'),(1136,1136,'medico61@gmail.com','','Nombre del paciente'),(1138,1138,'medico37@gmail.com','\0','Nombre del paciente'),(1141,1141,'medico54@gmail.com','','Nombre del paciente'),(1143,1143,'medico78@gmail.com','','Nombre del paciente'),(1145,1145,'medico26@gmail.com','\0','Nombre del paciente'),(1149,1149,'medico35@gmail.com','\0','Nombre del paciente'),(1152,1152,'medico86@gmail.com','\0','Nombre del paciente'),(1159,1159,'medico56@gmail.com','','Nombre del paciente'),(1166,1166,'medico34@gmail.com','','Nombre del paciente'),(1167,1167,'medico38@gmail.com','','Nombre del paciente'),(1170,1170,'medico24@gmail.com','\0','Nombre del paciente'),(1172,1172,'medico69@gmail.com','\0','Nombre del paciente'),(1173,1173,'medico86@gmail.com','','Nombre del paciente'),(1177,1177,'medico91@gmail.com','','Nombre del paciente'),(1178,1178,'medico61@gmail.com','\0','Nombre del paciente'),(1181,1181,'medico97@gmail.com','\0','Nombre del paciente'),(1182,1182,'medico4@gmail.com','\0','Nombre del paciente'),(1192,1192,'medico91@gmail.com','\0','Nombre del paciente'),(1194,1194,'medico4@gmail.com','\0','Nombre del paciente'),(1198,1198,'medico84@gmail.com','','Nombre del paciente'),(1200,1200,'medico41@gmail.com','','Nombre del paciente'),(1201,1201,'medico96@gmail.com','','Nombre del paciente'),(1202,1202,'medico75@gmail.com','','Nombre del paciente'),(1205,1205,'medico0@gmail.com','\0','Nombre del paciente'),(1207,1207,'medico47@gmail.com','','Nombre del paciente'),(1210,1210,'medico96@gmail.com','','Nombre del paciente'),(1213,1213,'medico94@gmail.com','\0','Nombre del paciente'),(1214,1214,'medico14@gmail.com','','Nombre del paciente'),(1221,1221,'medico77@gmail.com','','Nombre del paciente'),(1228,1228,'medico65@gmail.com','','Nombre del paciente'),(1234,1234,'medico91@gmail.com','','Nombre del paciente'),(1236,1236,'medico87@gmail.com','\0','Nombre del paciente'),(1238,1238,'medico28@gmail.com','\0','Nombre del paciente'),(1243,1243,'medico98@gmail.com','','Nombre del paciente'),(1245,1245,'medico78@gmail.com','','Nombre del paciente'),(1248,1248,'medico27@gmail.com','\0','Nombre del paciente'),(1250,1250,'medico49@gmail.com','','Nombre del paciente'),(1251,1251,'medico72@gmail.com','\0','Nombre del paciente'),(1257,1257,'medico46@gmail.com','\0','Nombre del paciente'),(1259,1259,'medico32@gmail.com','\0','Nombre del paciente'),(1265,1265,'medico34@gmail.com','','Nombre del paciente'),(1270,1270,'medico86@gmail.com','','Nombre del paciente'),(1277,1277,'medico51@gmail.com','','Nombre del paciente'),(1279,1279,'medico89@gmail.com','','Nombre del paciente'),(1286,1286,'medico82@gmail.com','','Nombre del paciente'),(1289,1289,'medico54@gmail.com','','Nombre del paciente'),(1291,1291,'medico79@gmail.com','\0','Nombre del paciente'),(1292,1292,'medico74@gmail.com','','Nombre del paciente'),(1298,1298,'medico95@gmail.com','\0','Nombre del paciente'),(1300,1300,'medico2@gmail.com','','Nombre del paciente'),(1301,1301,'medico7@gmail.com','\0','Nombre del paciente'),(1304,1304,'medico99@gmail.com','\0','Nombre del paciente'),(1320,1320,'medico99@gmail.com','\0','Nombre del paciente'),(1328,1328,'medico77@gmail.com','','Nombre del paciente'),(1329,1329,'medico71@gmail.com','\0','Nombre del paciente'),(1336,1336,'medico1@gmail.com','','Nombre del paciente'),(1339,1339,'medico46@gmail.com','','Nombre del paciente'),(1345,1345,'medico92@gmail.com','','Nombre del paciente'),(1347,1347,'medico61@gmail.com','\0','Nombre del paciente'),(1351,1351,'medico64@gmail.com','\0','Nombre del paciente'),(1352,1352,'medico4@gmail.com','\0','Nombre del paciente'),(1354,1354,'medico83@gmail.com','','Nombre del paciente'),(1358,1358,'medico10@gmail.com','','Nombre del paciente'),(1362,1362,'medico33@gmail.com','','Nombre del paciente'),(1363,1363,'medico81@gmail.com','','Nombre del paciente'),(1369,1369,'medico48@gmail.com','','Nombre del paciente'),(1372,1372,'medico9@gmail.com','','Nombre del paciente'),(1378,1378,'medico29@gmail.com','','Nombre del paciente'),(1380,1380,'medico25@gmail.com','\0','Nombre del paciente'),(1382,1382,'medico90@gmail.com','\0','Nombre del paciente'),(1385,1385,'medico47@gmail.com','\0','Nombre del paciente'),(1386,1386,'medico8@gmail.com','','Nombre del paciente'),(1388,1388,'medico52@gmail.com','\0','Nombre del paciente'),(1389,1389,'medico90@gmail.com','','Nombre del paciente'),(1390,1390,'medico25@gmail.com','','Nombre del paciente'),(1393,1393,'medico71@gmail.com','\0','Nombre del paciente'),(1399,1399,'medico40@gmail.com','\0','Nombre del paciente'),(1400,1400,'medico40@gmail.com','\0','Nombre del paciente'),(1401,1401,'medico27@gmail.com','','Nombre del paciente'),(1403,1403,'medico98@gmail.com','\0','Nombre del paciente'),(1404,1404,'medico87@gmail.com','\0','Nombre del paciente'),(1409,1409,'medico32@gmail.com','\0','Nombre del paciente'),(1412,1412,'medico3@gmail.com','\0','Nombre del paciente'),(1413,1413,'medico91@gmail.com','\0','Nombre del paciente'),(1417,1417,'medico78@gmail.com','','Nombre del paciente'),(1419,1419,'medico14@gmail.com','\0','Nombre del paciente'),(1420,1420,'medico45@gmail.com','\0','Nombre del paciente'),(1424,1424,'medico71@gmail.com','','Nombre del paciente'),(1426,1426,'medico84@gmail.com','\0','Nombre del paciente'),(1427,1427,'medico38@gmail.com','','Nombre del paciente');
/*!40000 ALTER TABLE `cita` ENABLE KEYS */;
UNLOCK TABLES;

--
-- Table structure for table `estudio`
--

DROP TABLE IF EXISTS `estudio`;
/*!40101 SET @saved_cs_client     = @@character_set_client */;
/*!40101 SET character_set_client = utf8 */;
CREATE TABLE `estudio` (
  `idestudio` int(10) unsigned NOT NULL,
  `fk_idunico` int(10) unsigned NOT NULL,
  `fechaestudio` date NOT NULL,
  `horaestudio` time NOT NULL,
  `problemadeestudio` varchar(255) NOT NULL,
  `nombremedicoestudio` varchar(255) DEFAULT NULL,
  `especificacionincidentes` text,
  `resultados` text NOT NULL,
  `cedulamedico` int(10) NOT NULL,
  PRIMARY KEY (`idestudio`),
  KEY `estudio_idfk_1` (`fk_idunico`),
  CONSTRAINT `estudio_idfk_1` FOREIGN KEY (`fk_idunico`) REFERENCES `expediente` (`idunico`) ON DELETE CASCADE ON UPDATE CASCADE
) ENGINE=InnoDB DEFAULT CHARSET=utf8;
/*!40101 SET character_set_client = @saved_cs_client */;

--
-- Dumping data for table `estudio`
--

LOCK TABLES `estudio` WRITE;
/*!40000 ALTER TABLE `estudio` DISABLE KEYS */;
/*!40000 ALTER TABLE `estudio` ENABLE KEYS */;
UNLOCK TABLES;

--
-- Table structure for table `expediente`
--

DROP TABLE IF EXISTS `expediente`;
/*!40101 SET @saved_cs_client     = @@character_set_client */;
/*!40101 SET character_set_client = utf8 */;
CREATE TABLE `expediente` (
  `idunico` int(10) unsigned NOT NULL,
  `tipo` varchar(37) DEFAULT 'Expediente Clínico Electrónico (ECE).',
  `nombreclinica` varchar(14) DEFAULT 'Clinica Velez.',
  `domicilioclinica` varchar(103) DEFAULT ' Av. Juan de Dios Bátiz s/n, Gustavo A. Madero, Nueva Industrial Vallejo, 07700 Ciudad de México, D.F.',
  `disposicionsanitaria` text,
  `curppaciente` varchar(18) NOT NULL,
  `nombrepilapaciente` varchar(85) NOT NULL,
  `appatpaciente` varchar(85) NOT NULL,
  `apmatpaciente` varchar(85) NOT NULL,
  `sexo` varchar(1) NOT NULL,
  `fechanacimiento` date NOT NULL,
  PRIMARY KEY (`idunico`)
) ENGINE=InnoDB DEFAULT CHARSET=utf8;
/*!40101 SET character_set_client = @saved_cs_client */;

--
-- Dumping data for table `expediente`
--

LOCK TABLES `expediente` WRITE;
/*!40000 ALTER TABLE `expediente` DISABLE KEYS */;
/*!40000 ALTER TABLE `expediente` ENABLE KEYS */;
UNLOCK TABLES;

--
-- Table structure for table `familiar`
--

DROP TABLE IF EXISTS `familiar`;
/*!40101 SET @saved_cs_client     = @@character_set_client */;
/*!40101 SET character_set_client = utf8 */;
CREATE TABLE `familiar` (
  `idfamiliar` int(10) unsigned NOT NULL,
  `fk_idunico` int(10) unsigned NOT NULL,
  `nombrepilafamiliar` varchar(85) NOT NULL,
  `appatfamiliar` varchar(85) NOT NULL,
  `apmatfamiliar` varchar(85) NOT NULL,
  `sexofamiliar` varchar(1) NOT NULL,
  `fechanacfamiliar` date NOT NULL,
  PRIMARY KEY (`idfamiliar`),
  KEY `familiar_idfk_1` (`fk_idunico`),
  CONSTRAINT `familiar_idfk_1` FOREIGN KEY (`fk_idunico`) REFERENCES `expediente` (`idunico`) ON DELETE CASCADE ON UPDATE CASCADE
) ENGINE=InnoDB DEFAULT CHARSET=utf8;
/*!40101 SET character_set_client = @saved_cs_client */;

--
-- Dumping data for table `familiar`
--

LOCK TABLES `familiar` WRITE;
/*!40000 ALTER TABLE `familiar` DISABLE KEYS */;
/*!40000 ALTER TABLE `familiar` ENABLE KEYS */;
UNLOCK TABLES;

--
-- Table structure for table `horario`
--

DROP TABLE IF EXISTS `horario`;
/*!40101 SET @saved_cs_client     = @@character_set_client */;
/*!40101 SET character_set_client = utf8 */;
CREATE TABLE `horario` (
  `idhorario` int(10) unsigned NOT NULL,
  `dia` varchar(10) NOT NULL,
  `horaentrada` time NOT NULL,
  `horasalida` time NOT NULL,
  PRIMARY KEY (`idhorario`)
) ENGINE=InnoDB DEFAULT CHARSET=utf8;
/*!40101 SET character_set_client = @saved_cs_client */;

--
-- Dumping data for table `horario`
--

LOCK TABLES `horario` WRITE;
/*!40000 ALTER TABLE `horario` DISABLE KEYS */;
INSERT INTO `horario` VALUES (0,'Lunes','07:00:00','11:00:00'),(1,'Lunes','07:30:00','11:30:00'),(2,'Lunes','08:00:00','12:00:00'),(3,'Lunes','08:30:00','12:30:00'),(4,'Lunes','09:00:00','13:00:00'),(5,'Lunes','09:30:00','13:30:00'),(6,'Lunes','10:00:00','14:00:00'),(7,'Lunes','10:30:00','14:30:00'),(8,'Lunes','11:00:00','15:00:00'),(9,'Lunes','11:30:00','15:30:00'),(10,'Lunes','12:00:00','16:00:00'),(11,'Lunes','12:30:00','16:30:00'),(12,'Lunes','13:00:00','17:00:00'),(13,'Lunes','13:30:00','17:30:00'),(14,'Lunes','14:00:00','18:00:00'),(15,'Lunes','14:30:00','18:30:00'),(16,'Lunes','15:00:00','19:00:00'),(17,'Lunes','15:30:00','19:30:00'),(18,'Lunes','16:00:00','20:00:00'),(19,'Lunes','16:30:00','20:30:00'),(20,'Lunes','17:00:00','21:00:00'),(21,'Lunes','17:30:00','21:30:00'),(22,'Lunes','18:00:00','22:00:00'),(23,'Lunes','18:30:00','22:30:00'),(24,'Lunes','19:00:00','23:00:00'),(25,'Lunes','19:30:00','23:30:00'),(26,'Martes','07:00:00','11:00:00'),(27,'Martes','07:30:00','11:30:00'),(28,'Martes','08:00:00','12:00:00'),(29,'Martes','08:30:00','12:30:00'),(30,'Martes','09:00:00','13:00:00'),(31,'Martes','09:30:00','13:30:00'),(32,'Martes','10:00:00','14:00:00'),(33,'Martes','10:30:00','14:30:00'),(34,'Martes','11:00:00','15:00:00'),(35,'Martes','11:30:00','15:30:00'),(36,'Martes','12:00:00','16:00:00'),(37,'Martes','12:30:00','16:30:00'),(38,'Martes','13:00:00','17:00:00'),(39,'Martes','13:30:00','17:30:00'),(40,'Martes','14:00:00','18:00:00'),(41,'Martes','14:30:00','18:30:00'),(42,'Martes','15:00:00','19:00:00'),(43,'Martes','15:30:00','19:30:00'),(44,'Martes','16:00:00','20:00:00'),(45,'Martes','16:30:00','20:30:00'),(46,'Martes','17:00:00','21:00:00'),(47,'Martes','17:30:00','21:30:00'),(48,'Martes','18:00:00','22:00:00'),(49,'Martes','18:30:00','22:30:00'),(50,'Martes','19:00:00','23:00:00'),(51,'Martes','19:30:00','23:30:00'),(52,'Miercoles','07:00:00','11:00:00'),(53,'Miercoles','07:30:00','11:30:00'),(54,'Miercoles','08:00:00','12:00:00'),(55,'Miercoles','08:30:00','12:30:00'),(56,'Miercoles','09:00:00','13:00:00'),(57,'Miercoles','09:30:00','13:30:00'),(58,'Miercoles','10:00:00','14:00:00'),(59,'Miercoles','10:30:00','14:30:00'),(60,'Miercoles','11:00:00','15:00:00'),(61,'Miercoles','11:30:00','15:30:00'),(62,'Miercoles','12:00:00','16:00:00'),(63,'Miercoles','12:30:00','16:30:00'),(64,'Miercoles','13:00:00','17:00:00'),(65,'Miercoles','13:30:00','17:30:00'),(66,'Miercoles','14:00:00','18:00:00'),(67,'Miercoles','14:30:00','18:30:00'),(68,'Miercoles','15:00:00','19:00:00'),(69,'Miercoles','15:30:00','19:30:00'),(70,'Miercoles','16:00:00','20:00:00'),(71,'Miercoles','16:30:00','20:30:00'),(72,'Miercoles','17:00:00','21:00:00'),(73,'Miercoles','17:30:00','21:30:00'),(74,'Miercoles','18:00:00','22:00:00'),(75,'Miercoles','18:30:00','22:30:00'),(76,'Miercoles','19:00:00','23:00:00'),(77,'Miercoles','19:30:00','23:30:00'),(78,'Jueves','07:00:00','11:00:00'),(79,'Jueves','07:30:00','11:30:00'),(80,'Jueves','08:00:00','12:00:00'),(81,'Jueves','08:30:00','12:30:00'),(82,'Jueves','09:00:00','13:00:00'),(83,'Jueves','09:30:00','13:30:00'),(84,'Jueves','10:00:00','14:00:00'),(85,'Jueves','10:30:00','14:30:00'),(86,'Jueves','11:00:00','15:00:00'),(87,'Jueves','11:30:00','15:30:00'),(88,'Jueves','12:00:00','16:00:00'),(89,'Jueves','12:30:00','16:30:00'),(90,'Jueves','13:00:00','17:00:00'),(91,'Jueves','13:30:00','17:30:00'),(92,'Jueves','14:00:00','18:00:00'),(93,'Jueves','14:30:00','18:30:00'),(94,'Jueves','15:00:00','19:00:00'),(95,'Jueves','15:30:00','19:30:00'),(96,'Jueves','16:00:00','20:00:00'),(97,'Jueves','16:30:00','20:30:00'),(98,'Jueves','17:00:00','21:00:00'),(99,'Jueves','17:30:00','21:30:00'),(100,'Jueves','18:00:00','22:00:00'),(101,'Jueves','18:30:00','22:30:00'),(102,'Jueves','19:00:00','23:00:00'),(103,'Jueves','19:30:00','23:30:00'),(104,'Viernes','07:00:00','11:00:00'),(105,'Viernes','07:30:00','11:30:00'),(106,'Viernes','08:00:00','12:00:00'),(107,'Viernes','08:30:00','12:30:00'),(108,'Viernes','09:00:00','13:00:00'),(109,'Viernes','09:30:00','13:30:00'),(110,'Viernes','10:00:00','14:00:00'),(111,'Viernes','10:30:00','14:30:00'),(112,'Viernes','11:00:00','15:00:00'),(113,'Viernes','11:30:00','15:30:00'),(114,'Viernes','12:00:00','16:00:00'),(115,'Viernes','12:30:00','16:30:00'),(116,'Viernes','13:00:00','17:00:00'),(117,'Viernes','13:30:00','17:30:00'),(118,'Viernes','14:00:00','18:00:00'),(119,'Viernes','14:30:00','18:30:00'),(120,'Viernes','15:00:00','19:00:00'),(121,'Viernes','15:30:00','19:30:00'),(122,'Viernes','16:00:00','20:00:00'),(123,'Viernes','16:30:00','20:30:00'),(124,'Viernes','17:00:00','21:00:00'),(125,'Viernes','17:30:00','21:30:00'),(126,'Viernes','18:00:00','22:00:00'),(127,'Viernes','18:30:00','22:30:00'),(128,'Viernes','19:00:00','23:00:00'),(129,'Viernes','19:30:00','23:30:00'),(130,'Sabado','07:00:00','11:00:00'),(131,'Sabado','07:30:00','11:30:00'),(132,'Sabado','08:00:00','12:00:00'),(133,'Sabado','08:30:00','12:30:00'),(134,'Sabado','09:00:00','13:00:00'),(135,'Sabado','09:30:00','13:30:00'),(136,'Sabado','10:00:00','14:00:00'),(137,'Sabado','10:30:00','14:30:00'),(138,'Sabado','11:00:00','15:00:00'),(139,'Sabado','11:30:00','15:30:00'),(140,'Sabado','12:00:00','16:00:00'),(141,'Sabado','12:30:00','16:30:00'),(142,'Sabado','13:00:00','17:00:00'),(143,'Sabado','13:30:00','17:30:00'),(144,'Sabado','14:00:00','18:00:00'),(145,'Sabado','14:30:00','18:30:00'),(146,'Sabado','15:00:00','19:00:00'),(147,'Sabado','15:30:00','19:30:00'),(148,'Sabado','16:00:00','20:00:00'),(149,'Sabado','16:30:00','20:30:00'),(150,'Sabado','17:00:00','21:00:00'),(151,'Sabado','17:30:00','21:30:00'),(152,'Sabado','18:00:00','22:00:00'),(153,'Sabado','18:30:00','22:30:00'),(154,'Sabado','19:00:00','23:00:00'),(155,'Sabado','19:30:00','23:30:00'),(156,'Domingo','07:00:00','11:00:00'),(157,'Domingo','07:30:00','11:30:00'),(158,'Domingo','08:00:00','12:00:00'),(159,'Domingo','08:30:00','12:30:00'),(160,'Domingo','09:00:00','13:00:00'),(161,'Domingo','09:30:00','13:30:00'),(162,'Domingo','10:00:00','14:00:00'),(163,'Domingo','10:30:00','14:30:00'),(164,'Domingo','11:00:00','15:00:00'),(165,'Domingo','11:30:00','15:30:00'),(166,'Domingo','12:00:00','16:00:00'),(167,'Domingo','12:30:00','16:30:00'),(168,'Domingo','13:00:00','17:00:00'),(169,'Domingo','13:30:00','17:30:00'),(170,'Domingo','14:00:00','18:00:00'),(171,'Domingo','14:30:00','18:30:00'),(172,'Domingo','15:00:00','19:00:00'),(173,'Domingo','15:30:00','19:30:00'),(174,'Domingo','16:00:00','20:00:00'),(175,'Domingo','16:30:00','20:30:00'),(176,'Domingo','17:00:00','21:00:00'),(177,'Domingo','17:30:00','21:30:00'),(178,'Domingo','18:00:00','22:00:00'),(179,'Domingo','18:30:00','22:30:00'),(180,'Domingo','19:00:00','23:00:00'),(181,'Domingo','19:30:00','23:30:00');
/*!40000 ALTER TABLE `horario` ENABLE KEYS */;
UNLOCK TABLES;

--
-- Table structure for table `horariomedico`
--

DROP TABLE IF EXISTS `horariomedico`;
/*!40101 SET @saved_cs_client     = @@character_set_client */;
/*!40101 SET character_set_client = utf8 */;
CREATE TABLE `horariomedico` (
  `idhorariomedico` int(10) unsigned NOT NULL,
  `fk_idcedula` int(10) unsigned NOT NULL,
  `fk_idhorario` int(10) unsigned NOT NULL,
  `consultorio` int(2) unsigned NOT NULL,
  PRIMARY KEY (`idhorariomedico`),
  KEY `horariomedico_idfk_1` (`fk_idcedula`),
  KEY `horariomedico_idfk_2` (`fk_idhorario`),
  CONSTRAINT `horariomedico_idfk_1` FOREIGN KEY (`fk_idcedula`) REFERENCES `medico` (`idcedula`) ON DELETE CASCADE ON UPDATE CASCADE,
  CONSTRAINT `horariomedico_idfk_2` FOREIGN KEY (`fk_idhorario`) REFERENCES `horario` (`idhorario`) ON DELETE CASCADE ON UPDATE CASCADE
) ENGINE=InnoDB DEFAULT CHARSET=utf8;
/*!40101 SET character_set_client = @saved_cs_client */;

--
-- Dumping data for table `horariomedico`
--

LOCK TABLES `horariomedico` WRITE;
/*!40000 ALTER TABLE `horariomedico` DISABLE KEYS */;
INSERT INTO `horariomedico` VALUES (1,1979172,43,9),(2,1979172,72,10),(3,1979172,82,7),(4,1979172,118,7),(5,1979172,140,2),(9,4716263,35,8),(10,4716263,74,2),(12,4716263,121,12),(18,4977783,57,8),(20,4977783,118,5),(21,4977783,139,5),(22,4977783,160,3),(24,1131259,24,3),(26,1131259,66,3),(27,1131259,83,1),(38,5351238,151,3),(40,2891733,15,1),(49,2789694,32,4),(53,2789694,147,1),(56,4087094,16,1),(58,4087094,69,4),(60,4087094,119,1),(61,4087094,134,5),(62,4087094,169,11),(66,9802424,58,12),(67,9802424,79,12),(68,9802424,101,1),(69,9802424,131,8),(75,9969571,86,3),(76,9969571,124,5),(77,9969571,142,9),(78,9969571,165,1),(79,9969571,178,6),(82,7987101,61,5),(83,7987101,91,12),(85,7987101,146,1),(86,7987101,151,4),(93,4996704,145,11),(99,5170189,82,2),(102,5170189,165,6),(106,6441089,70,0),(110,6441089,167,2),(112,8311474,10,12),(117,8311474,135,11),(121,2566747,27,11),(123,2566747,83,7),(128,9761829,8,6),(132,9761829,102,1),(137,7055323,49,2),(139,7055323,79,1),(141,7055323,141,3),(143,7055323,181,4),(144,8135573,8,4),(147,8135573,96,5),(148,8135573,114,3),(151,8135573,176,7),(153,8880781,37,1),(155,8880781,97,12),(156,8880781,111,3),(165,9078075,134,5),(168,5885514,2,11),(169,5885514,48,12),(173,5885514,135,7),(175,5885514,177,3),(176,1734477,7,3),(179,1734477,96,7),(181,1734477,146,8),(194,5839322,59,0),(199,5839322,177,10),(201,9320710,32,12),(210,5886381,61,8),(212,5886381,105,1),(213,5886381,133,7),(214,5886381,161,0),(216,3654879,14,7),(217,3654879,28,11),(219,3654879,78,7),(224,7793360,15,3),(225,7793360,49,5),(226,7793360,52,9),(228,7793360,100,6),(231,7793360,180,3),(232,4347868,22,8),(235,4347868,82,9),(236,4347868,120,10),(238,4347868,151,2),(241,1381990,38,10),(242,1381990,67,1),(249,9868901,27,5),(250,9868901,60,6),(252,9868901,105,6),(253,9868901,148,0),(255,9868901,179,3),(257,6813091,35,7),(259,6813091,90,1),(265,9999810,32,5),(270,9999810,169,12),(272,1108269,21,5),(274,1108269,63,5),(275,1108269,77,6),(277,1108269,131,11),(278,1108269,174,9),(282,5990073,67,1),(285,5990073,133,1),(288,9469014,18,3),(289,9469014,41,4),(296,7662679,2,3),(298,7662679,50,12),(302,7662679,173,9),(305,7825513,26,5),(307,7825513,92,5),(308,7825513,113,0),(309,7825513,143,5),(313,1748923,29,6),(318,1748923,150,7),(322,9085114,69,7),(328,1914576,9,1),(331,1914576,99,9),(334,1914576,174,0),(337,2688036,41,11),(338,2688036,73,4),(339,2688036,85,5),(341,2688036,131,9),(342,2688036,151,5),(347,3425127,75,1),(348,3425127,124,11),(349,3425127,144,6),(350,3425127,159,1),(351,3425127,179,7),(355,3482157,99,4),(356,3482157,107,10),(364,6636521,110,3),(366,6636521,154,4),(370,4498265,63,6),(372,4498265,115,8),(377,4347612,32,10),(381,4347612,128,5),(386,2736757,52,12),(388,2736757,114,4),(390,2736757,170,10),(394,4243779,71,7),(395,4243779,80,1),(398,4243779,159,7),(400,9401260,19,4),(401,9401260,45,9),(405,9401260,149,10),(408,1305379,14,7),(412,1305379,103,1),(413,1305379,137,4),(415,1305379,181,8),(417,1133159,40,3),(420,1133159,113,9),(422,1133159,173,11),(429,3253708,127,1),(433,5875443,35,12),(435,5875443,89,1),(437,5875443,132,0),(438,5875443,170,12),(440,8150702,13,5),(445,8150702,130,8),(446,8150702,166,0),(448,6056309,13,10),(449,6056309,30,5),(450,6056309,59,5),(451,6056309,79,0),(452,6056309,109,6),(453,6056309,143,10),(454,6056309,173,1),(456,1875494,5,0),(458,1875494,70,10),(460,1875494,102,9),(463,1875494,177,11),(464,3330475,5,5),(465,3330475,28,6),(475,8883097,76,0),(480,4773361,4,9),(484,4773361,111,5),(486,4773361,164,11),(489,5894314,49,3),(493,5894314,147,11),(496,1467041,23,1),(502,1467041,170,2),(507,4257089,77,9),(508,4257089,122,12),(510,4257089,166,3),(514,5563618,52,6),(518,5563618,163,5),(520,8205070,21,3),(521,8205070,42,4),(525,8205070,145,4),(528,7792172,7,11),(529,7792172,30,2),(530,7792172,59,4),(536,7096223,7,5),(537,7096223,30,8),(539,7096223,91,6),(541,7096223,136,12),(557,8772851,131,2),(558,8772851,174,3),(566,5440362,165,7),(568,3325719,14,0),(571,3325719,99,4),(574,3325719,158,2),(576,9276622,10,3),(579,9276622,87,5),(580,9276622,116,4),(581,9276622,125,12),(582,9276622,150,12),(585,4238653,34,12),(587,4238653,90,3),(588,4238653,106,8),(592,9369437,0,9),(594,9369437,58,9),(596,9369437,120,9),(599,9369437,178,5),(600,5973787,3,2),(601,5973787,33,1),(605,5973787,148,10),(608,9475140,23,12),(610,9475140,69,4),(611,9475140,82,10),(613,9475140,125,9),(617,2677945,48,4),(618,2677945,54,4),(619,2677945,76,11),(620,2677945,115,12),(624,3161648,16,12),(626,3161648,65,4),(632,9154169,0,6),(634,9154169,72,5),(641,1641759,34,3),(644,1641759,115,10),(645,1641759,132,10),(646,1641759,158,4),(649,7472423,30,5),(650,7472423,70,10),(652,7472423,123,6),(654,7472423,158,8),(658,5398400,71,8),(659,5398400,95,11),(661,5398400,129,10),(666,3953787,66,8),(668,3953787,115,11),(669,3953787,127,7),(670,3953787,174,11),(672,7274607,20,8),(673,7274607,43,7),(676,7274607,111,2),(678,7274607,173,10),(683,2955066,83,9),(684,2955066,104,0),(688,5930203,22,12),(694,5930203,154,4),(699,9159143,99,1),(700,9159143,123,4),(701,9159143,128,10),(702,9159143,165,3),(707,3245835,85,3),(709,3245835,130,1),(716,4741606,107,12),(722,2997216,57,9),(726,2997216,156,5),(729,7391839,27,7),(730,7391839,51,4),(731,7391839,81,4),(734,7391839,169,0),(741,8666140,128,11),(746,7959408,56,3),(747,7959408,92,12),(748,7959408,121,12),(750,7959408,170,1),(754,3840265,69,1),(755,3840265,85,8),(756,3840265,108,8),(760,4785434,19,7),(763,4785434,77,5),(765,4785434,145,10),(766,4785434,172,9),(771,4522936,90,8),(776,1325377,5,12),(777,1325377,33,7),(779,1325377,95,8),(780,1325377,108,3),(785,4461610,47,8),(787,4461610,81,11),(788,4461610,123,5),(789,4461610,143,1),(793,7102270,38,0);
/*!40000 ALTER TABLE `horariomedico` ENABLE KEYS */;
UNLOCK TABLES;

--
-- Table structure for table `horarioocupado`
--

DROP TABLE IF EXISTS `horarioocupado`;
/*!40101 SET @saved_cs_client     = @@character_set_client */;
/*!40101 SET character_set_client = utf8 */;
CREATE TABLE `horarioocupado` (
  `idhorarioocupado` int(10) unsigned NOT NULL,
  `fk_idcedula` int(10) unsigned NOT NULL,
  `hora` time NOT NULL,
  `fechacita` date NOT NULL,
  PRIMARY KEY (`idhorarioocupado`),
  KEY `horarioocupado_idfk_1` (`fk_idcedula`),
  CONSTRAINT `horarioocupado_idfk_1` FOREIGN KEY (`fk_idcedula`) REFERENCES `medico` (`idcedula`) ON DELETE CASCADE ON UPDATE CASCADE
) ENGINE=InnoDB DEFAULT CHARSET=utf8;
/*!40101 SET character_set_client = @saved_cs_client */;

--
-- Dumping data for table `horarioocupado`
--

LOCK TABLES `horarioocupado` WRITE;
/*!40000 ALTER TABLE `horarioocupado` DISABLE KEYS */;
INSERT INTO `horarioocupado` VALUES (0,1979172,'18:30:00','2016-06-14'),(1,1979172,'18:30:00','2016-06-21'),(2,1979172,'16:30:00','2016-06-28'),(3,1979172,'17:30:00','2016-06-28'),(4,1979172,'18:30:00','2016-06-28'),(5,1979172,'20:00:00','2016-06-08'),(6,1979172,'17:00:00','2016-06-15'),(7,1979172,'17:00:00','2016-06-22'),(8,1979172,'18:00:00','2016-06-22'),(9,1979172,'18:00:00','2016-06-29'),(10,1979172,'10:00:00','2016-06-02'),(11,1979172,'10:00:00','2016-06-16'),(12,1979172,'11:00:00','2016-06-30'),(13,1979172,'14:00:00','2016-06-03'),(14,1979172,'15:00:00','2016-06-03'),(15,1979172,'17:00:00','2016-06-03'),(16,1979172,'14:00:00','2016-06-10'),(17,1979172,'17:00:00','2016-06-17'),(18,1979172,'12:00:00','2016-06-04'),(19,1979172,'14:00:00','2016-06-18'),(20,1979172,'12:00:00','2016-06-25'),(21,1979172,'13:00:00','2016-06-25'),(22,1979172,'15:00:00','2016-06-25'),(23,4716263,'12:30:00','2016-06-14'),(24,4716263,'14:30:00','2016-06-14'),(25,4716263,'12:30:00','2016-06-21'),(26,4716263,'13:30:00','2016-06-21'),(27,4716263,'14:30:00','2016-06-21'),(28,4716263,'11:30:00','2016-06-28'),(29,4716263,'13:30:00','2016-06-28'),(30,4716263,'20:00:00','2016-06-01'),(31,4716263,'19:00:00','2016-06-15'),(32,4716263,'15:30:00','2016-06-10'),(33,4716263,'16:30:00','2016-06-17'),(34,4716263,'18:30:00','2016-06-17'),(35,4716263,'16:30:00','2016-06-24'),(36,4716263,'18:30:00','2016-06-24'),(37,4977783,'09:30:00','2016-06-08'),(38,4977783,'10:30:00','2016-06-08'),(39,4977783,'10:30:00','2016-06-15'),(40,4977783,'11:30:00','2016-06-15'),(41,4977783,'12:30:00','2016-06-15'),(42,4977783,'10:30:00','2016-06-22'),(43,4977783,'11:30:00','2016-06-22'),(44,4977783,'12:30:00','2016-06-22'),(45,4977783,'16:00:00','2016-06-03'),(46,4977783,'14:00:00','2016-06-24'),(47,4977783,'15:00:00','2016-06-24'),(48,4977783,'11:30:00','2016-06-18'),(49,4977783,'14:30:00','2016-06-25'),(50,4977783,'12:00:00','2016-06-12'),(51,4977783,'11:00:00','2016-06-19'),(52,4977783,'09:00:00','2016-06-26'),(53,1131259,'19:00:00','2016-06-06'),(54,1131259,'21:00:00','2016-06-06'),(55,1131259,'22:00:00','2016-06-06'),(56,1131259,'19:00:00','2016-06-13'),(57,1131259,'20:00:00','2016-06-13'),(58,1131259,'22:00:00','2016-06-13'),(59,1131259,'19:00:00','2016-06-20'),(60,1131259,'22:00:00','2016-06-20'),(61,1131259,'19:00:00','2016-06-27'),(62,1131259,'21:00:00','2016-06-27'),(63,1131259,'22:00:00','2016-06-27'),(64,1131259,'14:00:00','2016-06-01'),(65,1131259,'16:00:00','2016-06-01'),(66,1131259,'17:00:00','2016-06-01'),(67,1131259,'17:00:00','2016-06-08'),(68,1131259,'15:00:00','2016-06-15'),(69,1131259,'17:00:00','2016-06-15'),(70,1131259,'16:00:00','2016-06-22'),(71,1131259,'17:00:00','2016-06-22'),(72,1131259,'15:00:00','2016-06-29'),(73,1131259,'09:30:00','2016-06-09'),(74,1131259,'10:30:00','2016-06-09'),(75,1131259,'09:30:00','2016-06-16'),(76,1131259,'12:30:00','2016-06-23'),(77,1131259,'09:30:00','2016-06-30'),(78,1131259,'10:30:00','2016-06-30'),(79,5351238,'19:30:00','2016-06-04'),(80,5351238,'19:30:00','2016-06-11'),(81,5351238,'18:30:00','2016-06-18'),(82,5351238,'18:30:00','2016-06-25'),(83,5351238,'19:30:00','2016-06-25'),(84,5351238,'20:30:00','2016-06-25'),(85,2891733,'14:30:00','2016-06-06'),(86,2891733,'16:30:00','2016-06-27'),(87,2789694,'10:00:00','2016-06-07'),(88,2789694,'10:00:00','2016-06-14'),(89,2789694,'13:00:00','2016-06-14'),(90,2789694,'10:00:00','2016-06-28'),(91,2789694,'12:00:00','2016-06-28'),(92,2789694,'18:30:00','2016-06-04'),(93,2789694,'18:30:00','2016-06-11'),(94,2789694,'15:30:00','2016-06-25'),(95,2789694,'16:30:00','2016-06-25'),(96,4087094,'15:00:00','2016-06-06'),(97,4087094,'15:00:00','2016-06-13'),(98,4087094,'16:00:00','2016-06-13'),(99,4087094,'17:00:00','2016-06-13'),(100,4087094,'15:00:00','2016-06-20'),(101,4087094,'17:00:00','2016-06-20'),(102,4087094,'15:00:00','2016-06-27'),(103,4087094,'16:00:00','2016-06-27'),(104,4087094,'16:30:00','2016-06-01'),(105,4087094,'16:30:00','2016-06-15'),(106,4087094,'17:30:00','2016-06-15'),(107,4087094,'15:30:00','2016-06-22'),(108,4087094,'16:30:00','2016-06-22'),(109,4087094,'17:30:00','2016-06-22'),(110,4087094,'16:30:00','2016-06-29'),(111,4087094,'18:30:00','2016-06-29'),(112,4087094,'14:30:00','2016-06-03'),(113,4087094,'16:30:00','2016-06-03'),(114,4087094,'15:30:00','2016-06-10'),(115,4087094,'15:30:00','2016-06-17'),(116,4087094,'16:30:00','2016-06-17'),(117,4087094,'15:30:00','2016-06-24'),(118,4087094,'17:30:00','2016-06-24'),(119,4087094,'09:00:00','2016-06-04'),(120,4087094,'10:00:00','2016-06-04'),(121,4087094,'11:00:00','2016-06-11'),(122,4087094,'12:00:00','2016-06-11'),(123,4087094,'09:00:00','2016-06-18'),(124,4087094,'11:00:00','2016-06-25'),(125,4087094,'13:30:00','2016-06-05'),(126,4087094,'15:30:00','2016-06-05'),(127,4087094,'13:30:00','2016-06-12'),(128,4087094,'13:30:00','2016-06-19'),(129,4087094,'14:30:00','2016-06-19'),(130,4087094,'16:30:00','2016-06-19'),(131,4087094,'13:30:00','2016-06-26'),(132,4087094,'14:30:00','2016-06-26'),(133,9802424,'10:00:00','2016-06-01'),(134,9802424,'13:00:00','2016-06-01'),(135,9802424,'10:00:00','2016-06-08'),(136,9802424,'10:00:00','2016-06-15'),(137,9802424,'10:00:00','2016-06-22'),(138,9802424,'12:00:00','2016-06-22'),(139,9802424,'13:00:00','2016-06-22'),(140,9802424,'10:00:00','2016-06-29'),(141,9802424,'12:00:00','2016-06-29'),(142,9802424,'13:00:00','2016-06-29'),(143,9802424,'09:30:00','2016-06-23'),(144,9802424,'08:30:00','2016-06-30'),(145,9802424,'09:30:00','2016-06-30'),(146,9802424,'19:30:00','2016-06-09'),(147,9802424,'21:30:00','2016-06-09'),(148,9802424,'18:30:00','2016-06-16'),(149,9802424,'21:30:00','2016-06-16'),(150,9802424,'18:30:00','2016-06-30'),(151,9802424,'07:30:00','2016-06-04'),(152,9802424,'09:30:00','2016-06-04'),(153,9802424,'10:30:00','2016-06-04'),(154,9802424,'08:30:00','2016-06-11'),(155,9802424,'08:30:00','2016-06-25'),(156,9969571,'12:00:00','2016-06-09'),(157,9969571,'12:00:00','2016-06-16'),(158,9969571,'13:00:00','2016-06-30'),(159,9969571,'20:00:00','2016-06-03'),(160,9969571,'18:00:00','2016-06-10'),(161,9969571,'18:00:00','2016-06-17'),(162,9969571,'20:00:00','2016-06-17'),(163,9969571,'14:00:00','2016-06-04'),(164,9969571,'15:00:00','2016-06-04'),(165,9969571,'13:00:00','2016-06-18'),(166,9969571,'14:00:00','2016-06-18'),(167,9969571,'16:00:00','2016-06-18'),(168,9969571,'15:00:00','2016-06-25'),(169,9969571,'11:30:00','2016-06-05'),(170,9969571,'12:30:00','2016-06-05'),(171,9969571,'12:30:00','2016-06-19'),(172,9969571,'13:30:00','2016-06-26'),(173,9969571,'21:00:00','2016-06-05'),(174,9969571,'18:00:00','2016-06-12'),(175,9969571,'20:00:00','2016-06-12'),(176,9969571,'18:00:00','2016-06-19'),(177,9969571,'20:00:00','2016-06-19'),(178,9969571,'21:00:00','2016-06-26'),(179,7987101,'11:30:00','2016-06-08'),(180,7987101,'12:30:00','2016-06-08'),(181,7987101,'13:30:00','2016-06-15'),(182,7987101,'12:30:00','2016-06-22'),(183,7987101,'12:30:00','2016-06-29'),(184,7987101,'14:30:00','2016-06-29'),(185,7987101,'13:30:00','2016-06-02'),(186,7987101,'14:30:00','2016-06-09'),(187,7987101,'14:30:00','2016-06-16'),(188,7987101,'15:30:00','2016-06-16'),(189,7987101,'16:30:00','2016-06-30'),(190,7987101,'17:00:00','2016-06-04'),(191,7987101,'18:00:00','2016-06-04'),(192,7987101,'15:00:00','2016-06-11'),(193,7987101,'17:00:00','2016-06-18'),(194,7987101,'18:00:00','2016-06-25'),(195,7987101,'17:30:00','2016-06-04'),(196,7987101,'19:30:00','2016-06-11'),(197,7987101,'17:30:00','2016-06-18'),(198,7987101,'18:30:00','2016-06-18'),(199,7987101,'17:30:00','2016-06-25'),(200,4996704,'17:30:00','2016-06-04'),(201,4996704,'14:30:00','2016-06-18'),(202,4996704,'17:30:00','2016-06-25'),(203,5170189,'10:00:00','2016-06-02'),(204,5170189,'11:00:00','2016-06-02'),(205,5170189,'11:00:00','2016-06-09'),(206,5170189,'10:00:00','2016-06-23'),(207,5170189,'11:00:00','2016-06-23'),(208,5170189,'13:30:00','2016-06-05'),(209,5170189,'14:30:00','2016-06-05'),(210,5170189,'12:30:00','2016-06-12'),(211,5170189,'14:30:00','2016-06-12'),(212,5170189,'11:30:00','2016-06-19'),(213,5170189,'14:30:00','2016-06-19'),(214,5170189,'14:30:00','2016-06-26'),(215,6441089,'16:00:00','2016-06-08'),(216,6441089,'18:00:00','2016-06-08'),(217,6441089,'17:00:00','2016-06-22'),(218,6441089,'17:00:00','2016-06-29'),(219,6441089,'15:30:00','2016-06-05'),(220,6441089,'14:30:00','2016-06-12'),(221,6441089,'15:30:00','2016-06-19'),(222,8311474,'12:00:00','2016-06-13'),(223,8311474,'12:00:00','2016-06-20'),(224,8311474,'13:00:00','2016-06-27'),(225,8311474,'15:00:00','2016-06-27'),(226,8311474,'09:30:00','2016-06-18'),(227,8311474,'10:30:00','2016-06-25'),(228,8311474,'11:30:00','2016-06-25'),(229,8311474,'12:30:00','2016-06-25'),(230,2566747,'10:30:00','2016-06-07'),(231,2566747,'07:30:00','2016-06-14'),(232,2566747,'09:30:00','2016-06-14'),(233,2566747,'10:30:00','2016-06-14'),(234,2566747,'10:30:00','2016-06-21'),(235,2566747,'09:30:00','2016-06-28'),(236,2566747,'09:30:00','2016-06-02'),(237,2566747,'12:30:00','2016-06-02'),(238,2566747,'10:30:00','2016-06-23'),(239,2566747,'10:30:00','2016-06-30'),(240,9761829,'11:00:00','2016-06-06'),(241,9761829,'12:00:00','2016-06-06'),(242,9761829,'11:00:00','2016-06-13'),(243,9761829,'11:00:00','2016-06-27'),(244,9761829,'12:00:00','2016-06-27'),(245,9761829,'13:00:00','2016-06-27'),(246,9761829,'20:00:00','2016-06-09'),(247,9761829,'22:00:00','2016-06-09'),(248,9761829,'20:00:00','2016-06-16'),(249,9761829,'21:00:00','2016-06-16'),(250,9761829,'22:00:00','2016-06-16'),(251,9761829,'21:00:00','2016-06-23'),(252,9761829,'21:00:00','2016-06-30'),(253,7055323,'18:30:00','2016-06-07'),(254,7055323,'19:30:00','2016-06-14'),(255,7055323,'19:30:00','2016-06-28'),(256,7055323,'07:30:00','2016-06-02'),(257,7055323,'09:30:00','2016-06-02'),(258,7055323,'10:30:00','2016-06-02'),(259,7055323,'09:30:00','2016-06-09'),(260,7055323,'07:30:00','2016-06-30'),(261,7055323,'12:30:00','2016-06-18'),(262,7055323,'12:30:00','2016-06-25'),(263,7055323,'19:30:00','2016-06-12'),(264,7055323,'20:30:00','2016-06-19'),(265,7055323,'21:30:00','2016-06-19'),(266,7055323,'20:30:00','2016-06-26'),(267,8135573,'13:00:00','2016-06-13'),(268,8135573,'11:00:00','2016-06-20'),(269,8135573,'14:00:00','2016-06-20'),(270,8135573,'11:00:00','2016-06-27'),(271,8135573,'13:00:00','2016-06-27'),(272,8135573,'19:00:00','2016-06-16'),(273,8135573,'18:00:00','2016-06-23'),(274,8135573,'16:00:00','2016-06-30'),(275,8135573,'17:00:00','2016-06-30'),(276,8135573,'19:00:00','2016-06-30'),(277,8135573,'13:00:00','2016-06-03'),(278,8135573,'14:00:00','2016-06-03'),(279,8135573,'12:00:00','2016-06-10'),(280,8135573,'14:00:00','2016-06-10'),(281,8135573,'12:00:00','2016-06-17'),(282,8135573,'17:00:00','2016-06-05'),(283,8135573,'19:00:00','2016-06-05'),(284,8135573,'20:00:00','2016-06-05'),(285,8135573,'18:00:00','2016-06-19'),(286,8880781,'13:30:00','2016-06-21'),(287,8880781,'14:30:00','2016-06-21'),(288,8880781,'13:30:00','2016-06-28'),(289,8880781,'15:30:00','2016-06-28'),(290,8880781,'19:30:00','2016-06-02'),(291,8880781,'19:30:00','2016-06-09'),(292,8880781,'19:30:00','2016-06-16'),(293,8880781,'17:30:00','2016-06-23'),(294,8880781,'19:30:00','2016-06-23'),(295,8880781,'17:30:00','2016-06-30'),(296,8880781,'18:30:00','2016-06-30'),(297,8880781,'10:30:00','2016-06-03'),(298,8880781,'10:30:00','2016-06-10'),(299,8880781,'12:30:00','2016-06-10'),(300,8880781,'11:30:00','2016-06-17'),(301,8880781,'13:30:00','2016-06-17'),(302,8880781,'11:30:00','2016-06-24'),(303,9078075,'11:00:00','2016-06-04'),(304,9078075,'10:00:00','2016-06-11'),(305,9078075,'09:00:00','2016-06-18'),(306,9078075,'10:00:00','2016-06-18'),(307,5885514,'10:00:00','2016-06-13'),(308,5885514,'08:00:00','2016-06-20'),(309,5885514,'10:00:00','2016-06-20'),(310,5885514,'11:00:00','2016-06-20'),(311,5885514,'18:00:00','2016-06-14'),(312,5885514,'20:00:00','2016-06-14'),(313,5885514,'18:00:00','2016-06-28'),(314,5885514,'19:00:00','2016-06-28'),(315,5885514,'20:00:00','2016-06-28'),(316,5885514,'09:30:00','2016-06-04'),(317,5885514,'11:30:00','2016-06-11'),(318,5885514,'12:30:00','2016-06-18'),(319,5885514,'20:30:00','2016-06-12'),(320,5885514,'20:30:00','2016-06-19'),(321,5885514,'17:30:00','2016-06-26'),(322,5885514,'19:30:00','2016-06-26'),(323,1734477,'11:30:00','2016-06-06'),(324,1734477,'13:30:00','2016-06-13'),(325,1734477,'16:00:00','2016-06-02'),(326,1734477,'19:00:00','2016-06-02'),(327,1734477,'18:00:00','2016-06-23'),(328,1734477,'19:00:00','2016-06-30'),(329,1734477,'17:00:00','2016-06-04'),(330,1734477,'18:00:00','2016-06-04'),(331,1734477,'15:00:00','2016-06-11'),(332,1734477,'16:00:00','2016-06-11'),(333,1734477,'18:00:00','2016-06-11'),(334,1734477,'18:00:00','2016-06-18'),(335,1734477,'15:00:00','2016-06-25'),(336,1734477,'17:00:00','2016-06-25'),(337,5839322,'11:30:00','2016-06-15'),(338,5839322,'13:30:00','2016-06-29'),(339,5839322,'19:30:00','2016-06-05'),(340,5839322,'18:30:00','2016-06-12'),(341,5839322,'17:30:00','2016-06-19'),(342,5839322,'19:30:00','2016-06-19'),(343,5839322,'19:30:00','2016-06-26'),(344,5839322,'20:30:00','2016-06-26'),(345,9320710,'10:00:00','2016-06-07'),(346,9320710,'11:00:00','2016-06-07'),(347,9320710,'10:00:00','2016-06-14'),(348,9320710,'10:00:00','2016-06-21'),(349,9320710,'13:00:00','2016-06-21'),(350,5886381,'11:30:00','2016-06-08'),(351,5886381,'08:30:00','2016-06-03'),(352,5886381,'07:30:00','2016-06-17'),(353,5886381,'10:30:00','2016-06-17'),(354,5886381,'09:30:00','2016-06-24'),(355,5886381,'10:30:00','2016-06-24'),(356,5886381,'09:30:00','2016-06-04'),(357,5886381,'08:30:00','2016-06-11'),(358,5886381,'09:30:00','2016-06-18'),(359,5886381,'10:30:00','2016-06-18'),(360,5886381,'08:30:00','2016-06-25'),(361,5886381,'09:30:00','2016-06-12'),(362,5886381,'09:30:00','2016-06-19'),(363,5886381,'10:30:00','2016-06-19'),(364,5886381,'12:30:00','2016-06-19'),(365,5886381,'09:30:00','2016-06-26'),(366,5886381,'11:30:00','2016-06-26'),(367,3654879,'16:00:00','2016-06-20'),(368,3654879,'17:00:00','2016-06-20'),(369,3654879,'15:00:00','2016-06-27'),(370,3654879,'16:00:00','2016-06-27'),(371,3654879,'08:00:00','2016-06-14'),(372,3654879,'11:00:00','2016-06-21'),(373,3654879,'09:00:00','2016-06-28'),(374,3654879,'10:00:00','2016-06-28'),(375,3654879,'07:00:00','2016-06-02'),(376,3654879,'10:00:00','2016-06-02'),(377,3654879,'10:00:00','2016-06-09'),(378,3654879,'07:00:00','2016-06-16'),(379,3654879,'10:00:00','2016-06-16'),(380,3654879,'08:00:00','2016-06-30'),(381,7793360,'15:30:00','2016-06-13'),(382,7793360,'16:30:00','2016-06-13'),(383,7793360,'15:30:00','2016-06-20'),(384,7793360,'17:30:00','2016-06-20'),(385,7793360,'15:30:00','2016-06-27'),(386,7793360,'21:30:00','2016-06-07'),(387,7793360,'19:30:00','2016-06-14'),(388,7793360,'20:30:00','2016-06-14'),(389,7793360,'21:30:00','2016-06-14'),(390,7793360,'20:30:00','2016-06-21'),(391,7793360,'18:30:00','2016-06-28'),(392,7793360,'07:00:00','2016-06-01'),(393,7793360,'09:00:00','2016-06-01'),(394,7793360,'08:00:00','2016-06-08'),(395,7793360,'09:00:00','2016-06-08'),(396,7793360,'10:00:00','2016-06-15'),(397,7793360,'07:00:00','2016-06-22'),(398,7793360,'08:00:00','2016-06-22'),(399,7793360,'10:00:00','2016-06-22'),(400,7793360,'09:00:00','2016-06-29'),(401,7793360,'18:00:00','2016-06-16'),(402,7793360,'21:00:00','2016-06-16'),(403,7793360,'19:00:00','2016-06-23'),(404,7793360,'19:00:00','2016-06-19'),(405,7793360,'22:00:00','2016-06-26'),(406,4347868,'18:00:00','2016-06-13'),(407,4347868,'20:00:00','2016-06-13'),(408,4347868,'20:00:00','2016-06-20'),(409,4347868,'10:00:00','2016-06-02'),(410,4347868,'11:00:00','2016-06-02'),(411,4347868,'12:00:00','2016-06-02'),(412,4347868,'09:00:00','2016-06-09'),(413,4347868,'10:00:00','2016-06-16'),(414,4347868,'09:00:00','2016-06-23'),(415,4347868,'09:00:00','2016-06-30'),(416,4347868,'10:00:00','2016-06-30'),(417,4347868,'11:00:00','2016-06-30'),(418,4347868,'15:00:00','2016-06-10'),(419,4347868,'16:00:00','2016-06-10'),(420,4347868,'17:00:00','2016-06-10'),(421,4347868,'18:00:00','2016-06-10'),(422,4347868,'16:00:00','2016-06-17'),(423,4347868,'17:00:00','2016-06-17'),(424,4347868,'17:00:00','2016-06-24'),(425,4347868,'18:00:00','2016-06-24'),(426,4347868,'17:30:00','2016-06-11'),(427,4347868,'19:30:00','2016-06-18'),(428,1381990,'13:00:00','2016-06-07'),(429,1381990,'15:00:00','2016-06-07'),(430,1381990,'13:00:00','2016-06-14'),(431,1381990,'15:00:00','2016-06-14'),(432,1381990,'16:00:00','2016-06-14'),(433,1381990,'15:00:00','2016-06-21'),(434,1381990,'15:30:00','2016-06-15'),(435,1381990,'16:30:00','2016-06-15'),(436,1381990,'17:30:00','2016-06-29'),(437,9868901,'08:30:00','2016-06-14'),(438,9868901,'07:30:00','2016-06-21'),(439,9868901,'11:00:00','2016-06-01'),(440,9868901,'12:00:00','2016-06-08'),(441,9868901,'14:00:00','2016-06-15'),(442,9868901,'12:00:00','2016-06-22'),(443,9868901,'11:00:00','2016-06-29'),(444,9868901,'12:00:00','2016-06-29'),(445,9868901,'13:00:00','2016-06-29'),(446,9868901,'09:30:00','2016-06-03'),(447,9868901,'08:30:00','2016-06-10'),(448,9868901,'09:30:00','2016-06-10'),(449,9868901,'07:30:00','2016-06-17'),(450,9868901,'08:30:00','2016-06-17'),(451,9868901,'17:00:00','2016-06-04'),(452,9868901,'16:00:00','2016-06-11'),(453,9868901,'17:00:00','2016-06-11'),(454,9868901,'18:00:00','2016-06-11'),(455,9868901,'19:00:00','2016-06-11'),(456,9868901,'19:30:00','2016-06-05'),(457,9868901,'18:30:00','2016-06-12'),(458,9868901,'21:30:00','2016-06-12'),(459,9868901,'18:30:00','2016-06-19'),(460,9868901,'19:30:00','2016-06-19'),(461,9868901,'21:30:00','2016-06-19'),(462,9868901,'18:30:00','2016-06-26'),(463,6813091,'14:30:00','2016-06-07'),(464,6813091,'12:30:00','2016-06-14'),(465,6813091,'14:30:00','2016-06-14'),(466,6813091,'13:30:00','2016-06-28'),(467,6813091,'13:00:00','2016-06-09'),(468,6813091,'15:00:00','2016-06-09'),(469,6813091,'15:00:00','2016-06-23'),(470,6813091,'16:00:00','2016-06-30'),(471,9999810,'10:00:00','2016-06-07'),(472,9999810,'13:00:00','2016-06-21'),(473,9999810,'11:00:00','2016-06-28'),(474,9999810,'15:30:00','2016-06-05'),(475,9999810,'15:30:00','2016-06-12'),(476,9999810,'15:30:00','2016-06-19'),(477,1108269,'20:30:00','2016-06-06'),(478,1108269,'18:30:00','2016-06-27'),(479,1108269,'13:30:00','2016-06-01'),(480,1108269,'12:30:00','2016-06-08'),(481,1108269,'12:30:00','2016-06-15'),(482,1108269,'12:30:00','2016-06-29'),(483,1108269,'20:30:00','2016-06-01'),(484,1108269,'22:30:00','2016-06-01'),(485,1108269,'19:30:00','2016-06-08'),(486,1108269,'20:30:00','2016-06-08'),(487,1108269,'21:30:00','2016-06-08'),(488,1108269,'22:30:00','2016-06-08'),(489,1108269,'22:30:00','2016-06-15'),(490,1108269,'20:30:00','2016-06-22'),(491,1108269,'20:30:00','2016-06-29'),(492,1108269,'07:30:00','2016-06-04'),(493,1108269,'09:30:00','2016-06-11'),(494,1108269,'07:30:00','2016-06-18'),(495,1108269,'08:30:00','2016-06-25'),(496,1108269,'16:00:00','2016-06-12'),(497,1108269,'17:00:00','2016-06-12'),(498,1108269,'16:00:00','2016-06-19'),(499,1108269,'17:00:00','2016-06-19'),(500,1108269,'19:00:00','2016-06-19'),(501,1108269,'16:00:00','2016-06-26'),(502,1108269,'19:00:00','2016-06-26'),(503,5990073,'16:30:00','2016-06-01'),(504,5990073,'17:30:00','2016-06-01'),(505,5990073,'16:30:00','2016-06-08'),(506,5990073,'17:30:00','2016-06-08'),(507,5990073,'16:30:00','2016-06-15'),(508,5990073,'14:30:00','2016-06-22'),(509,5990073,'16:30:00','2016-06-22'),(510,5990073,'15:30:00','2016-06-29'),(511,5990073,'08:30:00','2016-06-04'),(512,5990073,'10:30:00','2016-06-04'),(513,5990073,'11:30:00','2016-06-04'),(514,5990073,'09:30:00','2016-06-11'),(515,5990073,'08:30:00','2016-06-18'),(516,5990073,'09:30:00','2016-06-18'),(517,9469014,'17:00:00','2016-06-06'),(518,9469014,'19:00:00','2016-06-13'),(519,9469014,'17:00:00','2016-06-27'),(520,9469014,'15:30:00','2016-06-07'),(521,9469014,'17:30:00','2016-06-07'),(522,9469014,'15:30:00','2016-06-14'),(523,9469014,'17:30:00','2016-06-14'),(524,9469014,'16:30:00','2016-06-28'),(525,7662679,'08:00:00','2016-06-06'),(526,7662679,'09:00:00','2016-06-13'),(527,7662679,'11:00:00','2016-06-13'),(528,7662679,'09:00:00','2016-06-27'),(529,7662679,'22:00:00','2016-06-07'),(530,7662679,'19:00:00','2016-06-14'),(531,7662679,'20:00:00','2016-06-14'),(532,7662679,'21:00:00','2016-06-21'),(533,7662679,'22:00:00','2016-06-21'),(534,7662679,'16:30:00','2016-06-05'),(535,7662679,'17:30:00','2016-06-05'),(536,7662679,'18:30:00','2016-06-05'),(537,7662679,'17:30:00','2016-06-12'),(538,7825513,'07:00:00','2016-06-07'),(539,7825513,'08:00:00','2016-06-07'),(540,7825513,'08:00:00','2016-06-28'),(541,7825513,'17:00:00','2016-06-09'),(542,7825513,'16:00:00','2016-06-16'),(543,7825513,'17:00:00','2016-06-16'),(544,7825513,'13:30:00','2016-06-03'),(545,7825513,'11:30:00','2016-06-10'),(546,7825513,'12:30:00','2016-06-17'),(547,7825513,'14:30:00','2016-06-17'),(548,7825513,'12:30:00','2016-06-24'),(549,7825513,'14:30:00','2016-06-24'),(550,7825513,'13:30:00','2016-06-04'),(551,7825513,'13:30:00','2016-06-18'),(552,7825513,'16:30:00','2016-06-18'),(553,7825513,'13:30:00','2016-06-25'),(554,7825513,'15:30:00','2016-06-25'),(555,1748923,'08:30:00','2016-06-07'),(556,1748923,'09:30:00','2016-06-07'),(557,1748923,'08:30:00','2016-06-14'),(558,1748923,'11:30:00','2016-06-14'),(559,1748923,'10:30:00','2016-06-21'),(560,1748923,'11:30:00','2016-06-21'),(561,1748923,'20:00:00','2016-06-04'),(562,1748923,'17:00:00','2016-06-11'),(563,1748923,'19:00:00','2016-06-11'),(564,1748923,'17:00:00','2016-06-25'),(565,1748923,'18:00:00','2016-06-25'),(566,9085114,'15:30:00','2016-06-01'),(567,9085114,'17:30:00','2016-06-01'),(568,9085114,'17:30:00','2016-06-08'),(569,9085114,'16:30:00','2016-06-22'),(570,9085114,'17:30:00','2016-06-22'),(571,9085114,'18:30:00','2016-06-29'),(572,1914576,'14:30:00','2016-06-06'),(573,1914576,'12:30:00','2016-06-20'),(574,1914576,'13:30:00','2016-06-20'),(575,1914576,'12:30:00','2016-06-27'),(576,1914576,'14:30:00','2016-06-27'),(577,1914576,'19:30:00','2016-06-02'),(578,1914576,'20:30:00','2016-06-02'),(579,1914576,'17:30:00','2016-06-09'),(580,1914576,'17:30:00','2016-06-16'),(581,1914576,'18:30:00','2016-06-23'),(582,1914576,'19:30:00','2016-06-23'),(583,1914576,'20:30:00','2016-06-23'),(584,1914576,'19:00:00','2016-06-05'),(585,1914576,'17:00:00','2016-06-12'),(586,1914576,'18:00:00','2016-06-12'),(587,1914576,'19:00:00','2016-06-12'),(588,1914576,'17:00:00','2016-06-26'),(589,1914576,'19:00:00','2016-06-26'),(590,2688036,'14:30:00','2016-06-28'),(591,2688036,'16:30:00','2016-06-28'),(592,2688036,'17:30:00','2016-06-28'),(593,2688036,'19:30:00','2016-06-01'),(594,2688036,'20:30:00','2016-06-01'),(595,2688036,'18:30:00','2016-06-08'),(596,2688036,'20:30:00','2016-06-08'),(597,2688036,'17:30:00','2016-06-15'),(598,2688036,'18:30:00','2016-06-15'),(599,2688036,'18:30:00','2016-06-22'),(600,2688036,'20:30:00','2016-06-29'),(601,2688036,'10:30:00','2016-06-02'),(602,2688036,'12:30:00','2016-06-02'),(603,2688036,'10:30:00','2016-06-09'),(604,2688036,'10:30:00','2016-06-23'),(605,2688036,'11:30:00','2016-06-23'),(606,2688036,'13:30:00','2016-06-23'),(607,2688036,'07:30:00','2016-06-04'),(608,2688036,'08:30:00','2016-06-04'),(609,2688036,'08:30:00','2016-06-11'),(610,2688036,'07:30:00','2016-06-18'),(611,2688036,'08:30:00','2016-06-18'),(612,2688036,'09:30:00','2016-06-18'),(613,2688036,'19:30:00','2016-06-04'),(614,2688036,'18:30:00','2016-06-11'),(615,2688036,'18:30:00','2016-06-18'),(616,2688036,'17:30:00','2016-06-25'),(617,2688036,'20:30:00','2016-06-25'),(618,3425127,'18:30:00','2016-06-08'),(619,3425127,'19:30:00','2016-06-08'),(620,3425127,'21:30:00','2016-06-08'),(621,3425127,'19:30:00','2016-06-22'),(622,3425127,'18:30:00','2016-06-29'),(623,3425127,'19:30:00','2016-06-29'),(624,3425127,'21:30:00','2016-06-29'),(625,3425127,'19:00:00','2016-06-03'),(626,3425127,'18:00:00','2016-06-10'),(627,3425127,'18:00:00','2016-06-17'),(628,3425127,'19:00:00','2016-06-17'),(629,3425127,'17:00:00','2016-06-24'),(630,3425127,'19:00:00','2016-06-24'),(631,3425127,'14:00:00','2016-06-11'),(632,3425127,'15:00:00','2016-06-11'),(633,3425127,'16:00:00','2016-06-11'),(634,3425127,'17:00:00','2016-06-11'),(635,3425127,'17:00:00','2016-06-25'),(636,3425127,'11:30:00','2016-06-12'),(637,3425127,'10:30:00','2016-06-19'),(638,3425127,'11:30:00','2016-06-19'),(639,3425127,'08:30:00','2016-06-26'),(640,3425127,'10:30:00','2016-06-26'),(641,3425127,'21:30:00','2016-06-19'),(642,3425127,'18:30:00','2016-06-26'),(643,3425127,'20:30:00','2016-06-26'),(644,3482157,'19:30:00','2016-06-16'),(645,3482157,'17:30:00','2016-06-23'),(646,3482157,'18:30:00','2016-06-23'),(647,3482157,'08:30:00','2016-06-03'),(648,3482157,'08:30:00','2016-06-10'),(649,3482157,'10:30:00','2016-06-10'),(650,3482157,'10:30:00','2016-06-17'),(651,3482157,'11:30:00','2016-06-24'),(652,6636521,'12:00:00','2016-06-03'),(653,6636521,'13:00:00','2016-06-03'),(654,6636521,'12:00:00','2016-06-10'),(655,6636521,'12:00:00','2016-06-24'),(656,6636521,'21:00:00','2016-06-04'),(657,6636521,'19:00:00','2016-06-18'),(658,6636521,'21:00:00','2016-06-18'),(659,6636521,'22:00:00','2016-06-18'),(660,6636521,'20:00:00','2016-06-25'),(661,4498265,'13:30:00','2016-06-01'),(662,4498265,'12:30:00','2016-06-08'),(663,4498265,'12:30:00','2016-06-15'),(664,4498265,'15:30:00','2016-06-15'),(665,4498265,'13:30:00','2016-06-22'),(666,4498265,'13:30:00','2016-06-29'),(667,4498265,'14:30:00','2016-06-29'),(668,4498265,'13:30:00','2016-06-03'),(669,4498265,'14:30:00','2016-06-03'),(670,4498265,'13:30:00','2016-06-10'),(671,4498265,'12:30:00','2016-06-24'),(672,4347612,'13:00:00','2016-06-07'),(673,4347612,'11:00:00','2016-06-14'),(674,4347612,'11:00:00','2016-06-21'),(675,4347612,'10:00:00','2016-06-28'),(676,4347612,'13:00:00','2016-06-28'),(677,4347612,'21:00:00','2016-06-03'),(678,4347612,'21:00:00','2016-06-17'),(679,4347612,'22:00:00','2016-06-17'),(680,4347612,'22:00:00','2016-06-24'),(681,2736757,'07:00:00','2016-06-08'),(682,2736757,'10:00:00','2016-06-08'),(683,2736757,'10:00:00','2016-06-15'),(684,2736757,'07:00:00','2016-06-22'),(685,2736757,'12:00:00','2016-06-03'),(686,2736757,'15:00:00','2016-06-03'),(687,2736757,'13:00:00','2016-06-10'),(688,2736757,'15:00:00','2016-06-10'),(689,2736757,'15:00:00','2016-06-24'),(690,2736757,'16:00:00','2016-06-05'),(691,2736757,'16:00:00','2016-06-12'),(692,2736757,'14:00:00','2016-06-19'),(693,2736757,'15:00:00','2016-06-19'),(694,2736757,'15:00:00','2016-06-26'),(695,2736757,'16:00:00','2016-06-26'),(696,4243779,'17:30:00','2016-06-01'),(697,4243779,'19:30:00','2016-06-08'),(698,4243779,'19:30:00','2016-06-15'),(699,4243779,'10:00:00','2016-06-02'),(700,4243779,'10:00:00','2016-06-09'),(701,4243779,'11:00:00','2016-06-23'),(702,4243779,'10:00:00','2016-06-30'),(703,4243779,'08:30:00','2016-06-05'),(704,4243779,'11:30:00','2016-06-05'),(705,4243779,'08:30:00','2016-06-12'),(706,4243779,'09:30:00','2016-06-19'),(707,4243779,'10:30:00','2016-06-26'),(708,9401260,'17:30:00','2016-06-13'),(709,9401260,'19:30:00','2016-06-13'),(710,9401260,'17:30:00','2016-06-20'),(711,9401260,'18:30:00','2016-06-20'),(712,9401260,'16:30:00','2016-06-27'),(713,9401260,'17:30:00','2016-06-27'),(714,9401260,'19:30:00','2016-06-27'),(715,9401260,'17:30:00','2016-06-07'),(716,9401260,'16:30:00','2016-06-14'),(717,9401260,'18:30:00','2016-06-14'),(718,9401260,'19:30:00','2016-06-14'),(719,9401260,'17:30:00','2016-06-28'),(720,9401260,'18:30:00','2016-06-28'),(721,9401260,'19:30:00','2016-06-28'),(722,9401260,'16:30:00','2016-06-04'),(723,9401260,'16:30:00','2016-06-11'),(724,9401260,'18:30:00','2016-06-11'),(725,9401260,'19:30:00','2016-06-11'),(726,9401260,'16:30:00','2016-06-25'),(727,9401260,'17:30:00','2016-06-25'),(728,1305379,'15:00:00','2016-06-06'),(729,1305379,'15:00:00','2016-06-13'),(730,1305379,'16:00:00','2016-06-20'),(731,1305379,'14:00:00','2016-06-27'),(732,1305379,'20:30:00','2016-06-02'),(733,1305379,'21:30:00','2016-06-16'),(734,1305379,'22:30:00','2016-06-23'),(735,1305379,'13:30:00','2016-06-04'),(736,1305379,'10:30:00','2016-06-11'),(737,1305379,'12:30:00','2016-06-11'),(738,1305379,'10:30:00','2016-06-18'),(739,1305379,'11:30:00','2016-06-25'),(740,1305379,'22:30:00','2016-06-05'),(741,1305379,'22:30:00','2016-06-19'),(742,1133159,'15:00:00','2016-06-07'),(743,1133159,'17:00:00','2016-06-07'),(744,1133159,'14:00:00','2016-06-14'),(745,1133159,'15:00:00','2016-06-14'),(746,1133159,'14:00:00','2016-06-21'),(747,1133159,'14:30:00','2016-06-03'),(748,1133159,'12:30:00','2016-06-10'),(749,1133159,'13:30:00','2016-06-17'),(750,1133159,'13:30:00','2016-06-24'),(751,3253708,'20:30:00','2016-06-03'),(752,3253708,'19:30:00','2016-06-10'),(753,3253708,'19:30:00','2016-06-17'),(754,3253708,'20:30:00','2016-06-24'),(755,5875443,'13:30:00','2016-06-07'),(756,5875443,'11:30:00','2016-06-14'),(757,5875443,'14:30:00','2016-06-21'),(758,5875443,'13:30:00','2016-06-28'),(759,5875443,'12:30:00','2016-06-02'),(760,5875443,'14:30:00','2016-06-02'),(761,5875443,'15:30:00','2016-06-02'),(762,5875443,'13:30:00','2016-06-09'),(763,5875443,'14:30:00','2016-06-09'),(764,5875443,'15:30:00','2016-06-16'),(765,5875443,'12:30:00','2016-06-23'),(766,5875443,'13:30:00','2016-06-23'),(767,5875443,'14:30:00','2016-06-23'),(768,5875443,'08:00:00','2016-06-04'),(769,5875443,'10:00:00','2016-06-04'),(770,5875443,'11:00:00','2016-06-04'),(771,5875443,'10:00:00','2016-06-11'),(772,5875443,'09:00:00','2016-06-18'),(773,5875443,'08:00:00','2016-06-25'),(774,5875443,'10:00:00','2016-06-25'),(775,5875443,'11:00:00','2016-06-25'),(776,5875443,'15:00:00','2016-06-05'),(777,5875443,'17:00:00','2016-06-12'),(778,5875443,'15:00:00','2016-06-19'),(779,5875443,'16:00:00','2016-06-19'),(780,5875443,'17:00:00','2016-06-19'),(781,8150702,'15:30:00','2016-06-06'),(782,8150702,'15:30:00','2016-06-13'),(783,8150702,'13:30:00','2016-06-20'),(784,8150702,'14:30:00','2016-06-20'),(785,8150702,'16:30:00','2016-06-20'),(786,8150702,'16:30:00','2016-06-27'),(787,8150702,'07:00:00','2016-06-04'),(788,8150702,'10:00:00','2016-06-04'),(789,8150702,'08:00:00','2016-06-11'),(790,8150702,'10:00:00','2016-06-11'),(791,8150702,'07:00:00','2016-06-18'),(792,8150702,'09:00:00','2016-06-18'),(793,8150702,'08:00:00','2016-06-25'),(794,8150702,'13:00:00','2016-06-05'),(795,8150702,'15:00:00','2016-06-05'),(796,6056309,'15:30:00','2016-06-20'),(797,6056309,'14:30:00','2016-06-27'),(798,6056309,'09:00:00','2016-06-07'),(799,6056309,'11:00:00','2016-06-07'),(800,6056309,'12:00:00','2016-06-07'),(801,6056309,'10:00:00','2016-06-14'),(802,6056309,'11:00:00','2016-06-14'),(803,6056309,'12:00:00','2016-06-21'),(804,6056309,'10:00:00','2016-06-28'),(805,6056309,'12:00:00','2016-06-28'),(806,6056309,'11:30:00','2016-06-08'),(807,6056309,'12:30:00','2016-06-08'),(808,6056309,'10:30:00','2016-06-15'),(809,6056309,'11:30:00','2016-06-15'),(810,6056309,'10:30:00','2016-06-22'),(811,6056309,'13:30:00','2016-06-29'),(812,6056309,'08:30:00','2016-06-02'),(813,6056309,'10:30:00','2016-06-02'),(814,6056309,'08:30:00','2016-06-16'),(815,6056309,'07:30:00','2016-06-30'),(816,6056309,'10:30:00','2016-06-03'),(817,6056309,'12:30:00','2016-06-03'),(818,6056309,'09:30:00','2016-06-10'),(819,6056309,'09:30:00','2016-06-24'),(820,6056309,'16:30:00','2016-06-11'),(821,6056309,'16:30:00','2016-06-18'),(822,6056309,'13:30:00','2016-06-25'),(823,6056309,'16:30:00','2016-06-05'),(824,6056309,'17:30:00','2016-06-05'),(825,6056309,'17:30:00','2016-06-19'),(826,6056309,'18:30:00','2016-06-19'),(827,6056309,'18:30:00','2016-06-26'),(828,1875494,'09:30:00','2016-06-06'),(829,1875494,'10:30:00','2016-06-20'),(830,1875494,'12:30:00','2016-06-20'),(831,1875494,'17:00:00','2016-06-22'),(832,1875494,'19:00:00','2016-06-22'),(833,1875494,'16:00:00','2016-06-29'),(834,1875494,'19:00:00','2016-06-29'),(835,1875494,'20:00:00','2016-06-09'),(836,1875494,'20:00:00','2016-06-23'),(837,1875494,'21:00:00','2016-06-30'),(838,1875494,'17:30:00','2016-06-05'),(839,1875494,'18:30:00','2016-06-05'),(840,1875494,'20:30:00','2016-06-05'),(841,1875494,'17:30:00','2016-06-12'),(842,1875494,'18:30:00','2016-06-12'),(843,1875494,'19:30:00','2016-06-12'),(844,1875494,'18:30:00','2016-06-19'),(845,1875494,'20:30:00','2016-06-19'),(846,3330475,'11:30:00','2016-06-06'),(847,3330475,'12:30:00','2016-06-06'),(848,3330475,'11:30:00','2016-06-13'),(849,3330475,'11:30:00','2016-06-20'),(850,3330475,'09:00:00','2016-06-07'),(851,3330475,'10:00:00','2016-06-07'),(852,3330475,'11:00:00','2016-06-07'),(853,3330475,'09:00:00','2016-06-14'),(854,3330475,'11:00:00','2016-06-14'),(855,3330475,'08:00:00','2016-06-21'),(856,3330475,'10:00:00','2016-06-21'),(857,8883097,'22:00:00','2016-06-01'),(858,8883097,'21:00:00','2016-06-08'),(859,8883097,'22:00:00','2016-06-15'),(860,8883097,'19:00:00','2016-06-29'),(861,8883097,'21:00:00','2016-06-29'),(862,4773361,'09:00:00','2016-06-06'),(863,4773361,'11:00:00','2016-06-06'),(864,4773361,'12:00:00','2016-06-06'),(865,4773361,'10:00:00','2016-06-13'),(866,4773361,'11:00:00','2016-06-13'),(867,4773361,'12:00:00','2016-06-13'),(868,4773361,'12:00:00','2016-06-20'),(869,4773361,'11:30:00','2016-06-03'),(870,4773361,'12:30:00','2016-06-03'),(871,4773361,'13:30:00','2016-06-03'),(872,4773361,'13:30:00','2016-06-10'),(873,4773361,'12:30:00','2016-06-17'),(874,4773361,'13:00:00','2016-06-05'),(875,4773361,'14:00:00','2016-06-12'),(876,4773361,'13:00:00','2016-06-19'),(877,4773361,'14:00:00','2016-06-26'),(878,5894314,'20:30:00','2016-06-14'),(879,5894314,'21:30:00','2016-06-14'),(880,5894314,'19:30:00','2016-06-28'),(881,5894314,'16:30:00','2016-06-04'),(882,5894314,'15:30:00','2016-06-11'),(883,5894314,'18:30:00','2016-06-11'),(884,5894314,'16:30:00','2016-06-18'),(885,5894314,'16:30:00','2016-06-25'),(886,5894314,'17:30:00','2016-06-25'),(887,1467041,'20:30:00','2016-06-13'),(888,1467041,'21:30:00','2016-06-13'),(889,1467041,'19:30:00','2016-06-20'),(890,1467041,'15:00:00','2016-06-12'),(891,1467041,'15:00:00','2016-06-19'),(892,1467041,'15:00:00','2016-06-26'),(893,4257089,'20:30:00','2016-06-01'),(894,4257089,'22:30:00','2016-06-01'),(895,4257089,'19:30:00','2016-06-08'),(896,4257089,'21:30:00','2016-06-08'),(897,4257089,'22:30:00','2016-06-08'),(898,4257089,'19:30:00','2016-06-15'),(899,4257089,'20:30:00','2016-06-15'),(900,4257089,'22:30:00','2016-06-15'),(901,4257089,'19:00:00','2016-06-03'),(902,4257089,'16:00:00','2016-06-10'),(903,4257089,'17:00:00','2016-06-10'),(904,4257089,'18:00:00','2016-06-10'),(905,4257089,'16:00:00','2016-06-24'),(906,4257089,'15:00:00','2016-06-12'),(907,4257089,'13:00:00','2016-06-19'),(908,4257089,'14:00:00','2016-06-19'),(909,4257089,'12:00:00','2016-06-26'),(910,5563618,'08:00:00','2016-06-01'),(911,5563618,'09:00:00','2016-06-08'),(912,5563618,'07:00:00','2016-06-22'),(913,5563618,'08:00:00','2016-06-22'),(914,5563618,'10:00:00','2016-06-22'),(915,5563618,'07:00:00','2016-06-29'),(916,5563618,'10:00:00','2016-06-29'),(917,5563618,'10:30:00','2016-06-05'),(918,5563618,'11:30:00','2016-06-05'),(919,5563618,'13:30:00','2016-06-05'),(920,5563618,'11:30:00','2016-06-12'),(921,5563618,'13:30:00','2016-06-12'),(922,5563618,'11:30:00','2016-06-19'),(923,5563618,'12:30:00','2016-06-19'),(924,5563618,'13:30:00','2016-06-19'),(925,5563618,'11:30:00','2016-06-26'),(926,8205070,'20:30:00','2016-06-06'),(927,8205070,'17:30:00','2016-06-13'),(928,8205070,'19:30:00','2016-06-13'),(929,8205070,'20:30:00','2016-06-13'),(930,8205070,'19:30:00','2016-06-20'),(931,8205070,'18:30:00','2016-06-27'),(932,8205070,'20:30:00','2016-06-27'),(933,8205070,'18:00:00','2016-06-07'),(934,8205070,'15:00:00','2016-06-14'),(935,8205070,'17:00:00','2016-06-28'),(936,8205070,'18:00:00','2016-06-28'),(937,8205070,'17:30:00','2016-06-04'),(938,8205070,'15:30:00','2016-06-11'),(939,8205070,'14:30:00','2016-06-18'),(940,8205070,'14:30:00','2016-06-25'),(941,8205070,'16:30:00','2016-06-25'),(942,7792172,'13:30:00','2016-06-20'),(943,7792172,'11:30:00','2016-06-27'),(944,7792172,'09:00:00','2016-06-14'),(945,7792172,'10:00:00','2016-06-14'),(946,7792172,'12:00:00','2016-06-28'),(947,7792172,'10:30:00','2016-06-01'),(948,7792172,'13:30:00','2016-06-01'),(949,7792172,'10:30:00','2016-06-08'),(950,7792172,'12:30:00','2016-06-15'),(951,7792172,'11:30:00','2016-06-29'),(952,7096223,'11:30:00','2016-06-13'),(953,7096223,'12:30:00','2016-06-13'),(954,7096223,'13:30:00','2016-06-13'),(955,7096223,'12:30:00','2016-06-20'),(956,7096223,'11:30:00','2016-06-27'),(957,7096223,'13:30:00','2016-06-27'),(958,7096223,'10:00:00','2016-06-07'),(959,7096223,'11:00:00','2016-06-14'),(960,7096223,'11:00:00','2016-06-21'),(961,7096223,'10:00:00','2016-06-28'),(962,7096223,'12:00:00','2016-06-28'),(963,7096223,'15:30:00','2016-06-09'),(964,7096223,'16:30:00','2016-06-09'),(965,7096223,'13:30:00','2016-06-23'),(966,7096223,'15:30:00','2016-06-23'),(967,7096223,'11:00:00','2016-06-04'),(968,7096223,'10:00:00','2016-06-11'),(969,7096223,'12:00:00','2016-06-18'),(970,7096223,'13:00:00','2016-06-18'),(971,7096223,'13:00:00','2016-06-25'),(972,8772851,'07:30:00','2016-06-04'),(973,8772851,'08:30:00','2016-06-18'),(974,8772851,'07:30:00','2016-06-25'),(975,8772851,'10:30:00','2016-06-25'),(976,8772851,'19:00:00','2016-06-05'),(977,8772851,'19:00:00','2016-06-12'),(978,5440362,'12:30:00','2016-06-05'),(979,5440362,'13:30:00','2016-06-05'),(980,5440362,'14:30:00','2016-06-05'),(981,5440362,'11:30:00','2016-06-12'),(982,5440362,'12:30:00','2016-06-12'),(983,5440362,'12:30:00','2016-06-19'),(984,5440362,'11:30:00','2016-06-26'),(985,3325719,'15:00:00','2016-06-06'),(986,3325719,'16:00:00','2016-06-06'),(987,3325719,'17:00:00','2016-06-13'),(988,3325719,'14:00:00','2016-06-20'),(989,3325719,'16:00:00','2016-06-27'),(990,3325719,'19:30:00','2016-06-02'),(991,3325719,'17:30:00','2016-06-09'),(992,3325719,'20:30:00','2016-06-09'),(993,3325719,'17:30:00','2016-06-16'),(994,3325719,'20:30:00','2016-06-16'),(995,3325719,'18:30:00','2016-06-23'),(996,3325719,'19:30:00','2016-06-23'),(997,3325719,'18:30:00','2016-06-30'),(998,3325719,'09:00:00','2016-06-05'),(999,3325719,'08:00:00','2016-06-19'),(1000,3325719,'09:00:00','2016-06-19'),(1001,3325719,'10:00:00','2016-06-19'),(1002,3325719,'11:00:00','2016-06-19'),(1003,3325719,'08:00:00','2016-06-26'),(1004,9276622,'13:00:00','2016-06-06'),(1005,9276622,'13:00:00','2016-06-20'),(1006,9276622,'11:30:00','2016-06-02'),(1007,9276622,'13:30:00','2016-06-02'),(1008,9276622,'14:30:00','2016-06-16'),(1009,9276622,'13:30:00','2016-06-23'),(1010,9276622,'11:30:00','2016-06-30'),(1011,9276622,'13:30:00','2016-06-30'),(1012,9276622,'14:30:00','2016-06-30'),(1013,9276622,'13:00:00','2016-06-03'),(1014,9276622,'14:00:00','2016-06-03'),(1015,9276622,'15:00:00','2016-06-03'),(1016,9276622,'13:00:00','2016-06-10'),(1017,9276622,'13:00:00','2016-06-17'),(1018,9276622,'14:00:00','2016-06-17'),(1019,9276622,'16:00:00','2016-06-17'),(1020,9276622,'15:00:00','2016-06-24'),(1021,9276622,'17:30:00','2016-06-03'),(1022,9276622,'19:30:00','2016-06-03'),(1023,9276622,'20:30:00','2016-06-10'),(1024,9276622,'18:30:00','2016-06-17'),(1025,9276622,'19:30:00','2016-06-17'),(1026,9276622,'19:00:00','2016-06-04'),(1027,9276622,'20:00:00','2016-06-04'),(1028,9276622,'18:00:00','2016-06-11'),(1029,9276622,'19:00:00','2016-06-11'),(1030,9276622,'17:00:00','2016-06-18'),(1031,9276622,'19:00:00','2016-06-25'),(1032,4238653,'11:00:00','2016-06-07'),(1033,4238653,'13:00:00','2016-06-07'),(1034,4238653,'11:00:00','2016-06-14'),(1035,4238653,'12:00:00','2016-06-21'),(1036,4238653,'13:00:00','2016-06-28'),(1037,4238653,'14:00:00','2016-06-02'),(1038,4238653,'13:00:00','2016-06-09'),(1039,4238653,'14:00:00','2016-06-09'),(1040,4238653,'14:00:00','2016-06-16'),(1041,4238653,'13:00:00','2016-06-30'),(1042,4238653,'14:00:00','2016-06-30'),(1043,4238653,'15:00:00','2016-06-30'),(1044,4238653,'10:00:00','2016-06-10'),(1045,4238653,'09:00:00','2016-06-24'),(1046,9369437,'07:00:00','2016-06-20'),(1047,9369437,'07:00:00','2016-06-27'),(1048,9369437,'11:00:00','2016-06-01'),(1049,9369437,'13:00:00','2016-06-01'),(1050,9369437,'12:00:00','2016-06-08'),(1051,9369437,'13:00:00','2016-06-08'),(1052,9369437,'10:00:00','2016-06-15'),(1053,9369437,'12:00:00','2016-06-15'),(1054,9369437,'13:00:00','2016-06-15'),(1055,9369437,'10:00:00','2016-06-22'),(1056,9369437,'12:00:00','2016-06-29'),(1057,9369437,'17:00:00','2016-06-03'),(1058,9369437,'18:00:00','2016-06-03'),(1059,9369437,'16:00:00','2016-06-10'),(1060,9369437,'18:00:00','2016-06-10'),(1061,9369437,'16:00:00','2016-06-17'),(1062,9369437,'18:00:00','2016-06-24'),(1063,9369437,'19:00:00','2016-06-05'),(1064,9369437,'21:00:00','2016-06-05'),(1065,9369437,'19:00:00','2016-06-19'),(1066,9369437,'21:00:00','2016-06-19'),(1067,9369437,'18:00:00','2016-06-26'),(1068,5973787,'09:30:00','2016-06-06'),(1069,5973787,'10:30:00','2016-06-06'),(1070,5973787,'11:30:00','2016-06-06'),(1071,5973787,'08:30:00','2016-06-13'),(1072,5973787,'09:30:00','2016-06-13'),(1073,5973787,'10:30:00','2016-06-13'),(1074,5973787,'11:30:00','2016-06-14'),(1075,5973787,'12:30:00','2016-06-14'),(1076,5973787,'17:00:00','2016-06-04'),(1077,5973787,'16:00:00','2016-06-11'),(1078,5973787,'17:00:00','2016-06-18'),(1079,5973787,'18:00:00','2016-06-25'),(1080,9475140,'21:30:00','2016-06-06'),(1081,9475140,'18:30:00','2016-06-13'),(1082,9475140,'18:30:00','2016-06-20'),(1083,9475140,'21:30:00','2016-06-20'),(1084,9475140,'16:30:00','2016-06-01'),(1085,9475140,'17:30:00','2016-06-01'),(1086,9475140,'18:30:00','2016-06-08'),(1087,9475140,'18:30:00','2016-06-15'),(1088,9475140,'17:30:00','2016-06-22'),(1089,9475140,'18:30:00','2016-06-22'),(1090,9475140,'16:30:00','2016-06-29'),(1091,9475140,'09:00:00','2016-06-02'),(1092,9475140,'12:00:00','2016-06-02'),(1093,9475140,'10:00:00','2016-06-09'),(1094,9475140,'12:00:00','2016-06-09'),(1095,9475140,'10:00:00','2016-06-16'),(1096,9475140,'11:00:00','2016-06-16'),(1097,9475140,'09:00:00','2016-06-30'),(1098,9475140,'18:30:00','2016-06-24'),(1099,9475140,'20:30:00','2016-06-24'),(1100,2677945,'18:00:00','2016-06-14'),(1101,2677945,'18:00:00','2016-06-21'),(1102,2677945,'21:00:00','2016-06-21'),(1103,2677945,'19:00:00','2016-06-28'),(1104,2677945,'20:00:00','2016-06-28'),(1105,2677945,'21:00:00','2016-06-28'),(1106,2677945,'08:00:00','2016-06-08'),(1107,2677945,'10:00:00','2016-06-08'),(1108,2677945,'08:00:00','2016-06-22'),(1109,2677945,'11:00:00','2016-06-22'),(1110,2677945,'09:00:00','2016-06-29'),(1111,2677945,'10:00:00','2016-06-29'),(1112,2677945,'19:00:00','2016-06-08'),(1113,2677945,'22:00:00','2016-06-08'),(1114,2677945,'13:30:00','2016-06-03'),(1115,2677945,'15:30:00','2016-06-03'),(1116,2677945,'12:30:00','2016-06-10'),(1117,2677945,'13:30:00','2016-06-10'),(1118,2677945,'15:30:00','2016-06-10'),(1119,2677945,'12:30:00','2016-06-24'),(1120,2677945,'14:30:00','2016-06-24'),(1121,3161648,'15:00:00','2016-06-06'),(1122,3161648,'16:00:00','2016-06-13'),(1123,3161648,'18:00:00','2016-06-13'),(1124,3161648,'15:00:00','2016-06-20'),(1125,3161648,'15:00:00','2016-06-27'),(1126,3161648,'16:00:00','2016-06-27'),(1127,3161648,'18:00:00','2016-06-27'),(1128,3161648,'13:30:00','2016-06-15'),(1129,3161648,'15:30:00','2016-06-15'),(1130,9154169,'08:00:00','2016-06-06'),(1131,9154169,'10:00:00','2016-06-06'),(1132,9154169,'10:00:00','2016-06-13'),(1133,9154169,'07:00:00','2016-06-27'),(1134,9154169,'18:00:00','2016-06-01'),(1135,9154169,'18:00:00','2016-06-08'),(1136,9154169,'17:00:00','2016-06-15'),(1137,9154169,'18:00:00','2016-06-15'),(1138,9154169,'19:00:00','2016-06-15'),(1139,9154169,'20:00:00','2016-06-15'),(1140,9154169,'18:00:00','2016-06-22'),(1141,9154169,'20:00:00','2016-06-22'),(1142,9154169,'19:00:00','2016-06-29'),(1143,1641759,'14:00:00','2016-06-07'),(1144,1641759,'14:00:00','2016-06-14'),(1145,1641759,'13:00:00','2016-06-21'),(1146,1641759,'11:00:00','2016-06-28'),(1147,1641759,'12:00:00','2016-06-28'),(1148,1641759,'13:30:00','2016-06-03'),(1149,1641759,'15:30:00','2016-06-17'),(1150,1641759,'13:30:00','2016-06-24'),(1151,1641759,'14:30:00','2016-06-24'),(1152,1641759,'08:00:00','2016-06-04'),(1153,1641759,'09:00:00','2016-06-04'),(1154,1641759,'11:00:00','2016-06-04'),(1155,1641759,'09:00:00','2016-06-11'),(1156,1641759,'11:00:00','2016-06-11'),(1157,1641759,'08:00:00','2016-06-18'),(1158,1641759,'10:00:00','2016-06-18'),(1159,1641759,'11:00:00','2016-06-12'),(1160,1641759,'09:00:00','2016-06-19'),(1161,1641759,'08:00:00','2016-06-26'),(1162,1641759,'10:00:00','2016-06-26'),(1163,1641759,'11:00:00','2016-06-26'),(1164,7472423,'11:00:00','2016-06-07'),(1165,7472423,'12:00:00','2016-06-07'),(1166,7472423,'12:00:00','2016-06-14'),(1167,7472423,'18:00:00','2016-06-01'),(1168,7472423,'17:00:00','2016-06-08'),(1169,7472423,'19:00:00','2016-06-08'),(1170,7472423,'18:00:00','2016-06-15'),(1171,7472423,'17:00:00','2016-06-22'),(1172,7472423,'18:00:00','2016-06-22'),(1173,7472423,'16:00:00','2016-06-29'),(1174,7472423,'17:00:00','2016-06-29'),(1175,7472423,'19:30:00','2016-06-03'),(1176,7472423,'17:30:00','2016-06-17'),(1177,7472423,'16:30:00','2016-06-24'),(1178,7472423,'10:00:00','2016-06-19'),(1179,7472423,'08:00:00','2016-06-26'),(1180,7472423,'10:00:00','2016-06-26'),(1181,5398400,'16:30:00','2016-06-01'),(1182,5398400,'18:30:00','2016-06-01'),(1183,5398400,'19:30:00','2016-06-01'),(1184,5398400,'19:30:00','2016-06-08'),(1185,5398400,'16:30:00','2016-06-22'),(1186,5398400,'17:30:00','2016-06-22'),(1187,5398400,'19:30:00','2016-06-29'),(1188,5398400,'15:30:00','2016-06-09'),(1189,5398400,'17:30:00','2016-06-23'),(1190,5398400,'15:30:00','2016-06-30'),(1191,5398400,'17:30:00','2016-06-30'),(1192,5398400,'19:30:00','2016-06-17'),(1193,5398400,'20:30:00','2016-06-17'),(1194,5398400,'20:30:00','2016-06-24'),(1195,5398400,'21:30:00','2016-06-24'),(1196,3953787,'14:00:00','2016-06-01'),(1197,3953787,'16:00:00','2016-06-01'),(1198,3953787,'15:00:00','2016-06-08'),(1199,3953787,'16:00:00','2016-06-08'),(1200,3953787,'15:00:00','2016-06-15'),(1201,3953787,'16:00:00','2016-06-15'),(1202,3953787,'17:00:00','2016-06-15'),(1203,3953787,'16:00:00','2016-06-22'),(1204,3953787,'13:30:00','2016-06-03'),(1205,3953787,'14:30:00','2016-06-10'),(1206,3953787,'19:30:00','2016-06-03'),(1207,3953787,'20:30:00','2016-06-03'),(1208,3953787,'20:30:00','2016-06-17'),(1209,3953787,'21:30:00','2016-06-24'),(1210,3953787,'16:00:00','2016-06-12'),(1211,3953787,'17:00:00','2016-06-12'),(1212,3953787,'19:00:00','2016-06-12'),(1213,7274607,'17:00:00','2016-06-06'),(1214,7274607,'19:00:00','2016-06-06'),(1215,7274607,'17:00:00','2016-06-13'),(1216,7274607,'19:00:00','2016-06-20'),(1217,7274607,'20:00:00','2016-06-20'),(1218,7274607,'17:00:00','2016-06-27'),(1219,7274607,'18:00:00','2016-06-27'),(1220,7274607,'19:00:00','2016-06-27'),(1221,7274607,'17:30:00','2016-06-07'),(1222,7274607,'16:30:00','2016-06-14'),(1223,7274607,'17:30:00','2016-06-14'),(1224,7274607,'15:30:00','2016-06-21'),(1225,7274607,'15:30:00','2016-06-28'),(1226,7274607,'10:30:00','2016-06-03'),(1227,7274607,'11:30:00','2016-06-03'),(1228,7274607,'10:30:00','2016-06-10'),(1229,7274607,'11:30:00','2016-06-10'),(1230,7274607,'13:30:00','2016-06-10'),(1231,7274607,'13:30:00','2016-06-17'),(1232,7274607,'11:30:00','2016-06-24'),(1233,7274607,'13:30:00','2016-06-24'),(1234,7274607,'16:30:00','2016-06-05'),(1235,7274607,'18:30:00','2016-06-05'),(1236,7274607,'16:30:00','2016-06-12'),(1237,7274607,'15:30:00','2016-06-19'),(1238,7274607,'15:30:00','2016-06-26'),(1239,2955066,'12:30:00','2016-06-02'),(1240,2955066,'09:30:00','2016-06-09'),(1241,2955066,'10:30:00','2016-06-16'),(1242,2955066,'12:30:00','2016-06-16'),(1243,2955066,'12:30:00','2016-06-30'),(1244,2955066,'09:00:00','2016-06-10'),(1245,2955066,'07:00:00','2016-06-24'),(1246,2955066,'10:00:00','2016-06-24'),(1247,5930203,'19:00:00','2016-06-06'),(1248,5930203,'21:00:00','2016-06-13'),(1249,5930203,'19:00:00','2016-06-04'),(1250,5930203,'19:00:00','2016-06-11'),(1251,5930203,'20:00:00','2016-06-11'),(1252,5930203,'22:00:00','2016-06-11'),(1253,5930203,'19:00:00','2016-06-18'),(1254,5930203,'22:00:00','2016-06-18'),(1255,5930203,'20:00:00','2016-06-25'),(1256,5930203,'22:00:00','2016-06-25'),(1257,9159143,'18:30:00','2016-06-16'),(1258,9159143,'19:30:00','2016-06-16'),(1259,9159143,'17:30:00','2016-06-30'),(1260,9159143,'17:30:00','2016-06-03'),(1261,9159143,'19:30:00','2016-06-03'),(1262,9159143,'18:30:00','2016-06-24'),(1263,9159143,'19:30:00','2016-06-24'),(1264,9159143,'20:00:00','2016-06-03'),(1265,9159143,'21:00:00','2016-06-10'),(1266,9159143,'19:00:00','2016-06-17'),(1267,9159143,'22:00:00','2016-06-17'),(1268,9159143,'19:00:00','2016-06-24'),(1269,9159143,'20:00:00','2016-06-24'),(1270,9159143,'14:30:00','2016-06-05'),(1271,9159143,'11:30:00','2016-06-12'),(1272,9159143,'11:30:00','2016-06-19'),(1273,9159143,'14:30:00','2016-06-26'),(1274,3245835,'12:30:00','2016-06-02'),(1275,3245835,'11:30:00','2016-06-09'),(1276,3245835,'10:30:00','2016-06-16'),(1277,3245835,'11:30:00','2016-06-16'),(1278,3245835,'12:30:00','2016-06-16'),(1279,3245835,'13:30:00','2016-06-30'),(1280,3245835,'09:00:00','2016-06-18'),(1281,4741606,'11:30:00','2016-06-03'),(1282,4741606,'11:30:00','2016-06-17'),(1283,2997216,'09:30:00','2016-06-08'),(1284,2997216,'12:30:00','2016-06-08'),(1285,2997216,'11:30:00','2016-06-15'),(1286,2997216,'12:30:00','2016-06-15'),(1287,2997216,'11:30:00','2016-06-22'),(1288,2997216,'11:30:00','2016-06-29'),(1289,2997216,'07:00:00','2016-06-05'),(1290,2997216,'09:00:00','2016-06-05'),(1291,2997216,'10:00:00','2016-06-05'),(1292,2997216,'08:00:00','2016-06-12'),(1293,2997216,'10:00:00','2016-06-12'),(1294,2997216,'08:00:00','2016-06-19'),(1295,2997216,'08:00:00','2016-06-26'),(1296,7391839,'08:30:00','2016-06-07'),(1297,7391839,'09:30:00','2016-06-14'),(1298,7391839,'09:30:00','2016-06-28'),(1299,7391839,'19:30:00','2016-06-07'),(1300,7391839,'22:30:00','2016-06-07'),(1301,7391839,'20:30:00','2016-06-14'),(1302,7391839,'21:30:00','2016-06-14'),(1303,7391839,'22:30:00','2016-06-21'),(1304,7391839,'19:30:00','2016-06-28'),(1305,7391839,'09:30:00','2016-06-09'),(1306,7391839,'11:30:00','2016-06-09'),(1307,7391839,'08:30:00','2016-06-16'),(1308,7391839,'11:30:00','2016-06-16'),(1309,7391839,'09:30:00','2016-06-23'),(1310,7391839,'10:30:00','2016-06-23'),(1311,7391839,'11:30:00','2016-06-23'),(1312,7391839,'11:30:00','2016-06-30'),(1313,7391839,'13:30:00','2016-06-05'),(1314,7391839,'14:30:00','2016-06-05'),(1315,7391839,'15:30:00','2016-06-12'),(1316,7391839,'16:30:00','2016-06-12'),(1317,7391839,'14:30:00','2016-06-19'),(1318,7391839,'15:30:00','2016-06-26'),(1319,8666140,'20:00:00','2016-06-03'),(1320,8666140,'19:00:00','2016-06-10'),(1321,8666140,'20:00:00','2016-06-10'),(1322,8666140,'22:00:00','2016-06-10'),(1323,7959408,'10:00:00','2016-06-01'),(1324,7959408,'12:00:00','2016-06-15'),(1325,7959408,'10:00:00','2016-06-22'),(1326,7959408,'09:00:00','2016-06-29'),(1327,7959408,'12:00:00','2016-06-29'),(1328,7959408,'16:00:00','2016-06-02'),(1329,7959408,'17:00:00','2016-06-02'),(1330,7959408,'16:00:00','2016-06-16'),(1331,7959408,'14:00:00','2016-06-23'),(1332,7959408,'17:00:00','2016-06-23'),(1333,7959408,'16:00:00','2016-06-30'),(1334,7959408,'16:30:00','2016-06-10'),(1335,7959408,'15:30:00','2016-06-24'),(1336,7959408,'18:30:00','2016-06-24'),(1337,7959408,'14:00:00','2016-06-05'),(1338,7959408,'17:00:00','2016-06-05'),(1339,7959408,'14:00:00','2016-06-12'),(1340,7959408,'14:00:00','2016-06-19'),(1341,7959408,'17:00:00','2016-06-19'),(1342,7959408,'16:00:00','2016-06-26'),(1343,3840265,'15:30:00','2016-06-08'),(1344,3840265,'16:30:00','2016-06-08'),(1345,3840265,'16:30:00','2016-06-15'),(1346,3840265,'17:30:00','2016-06-22'),(1347,3840265,'15:30:00','2016-06-29'),(1348,3840265,'17:30:00','2016-06-29'),(1349,3840265,'10:30:00','2016-06-23'),(1350,3840265,'11:30:00','2016-06-23'),(1351,3840265,'12:30:00','2016-06-23'),(1352,3840265,'11:30:00','2016-06-30'),(1353,3840265,'10:00:00','2016-06-03'),(1354,3840265,'10:00:00','2016-06-17'),(1355,3840265,'11:00:00','2016-06-17'),(1356,3840265,'12:00:00','2016-06-17'),(1357,3840265,'10:00:00','2016-06-24'),(1358,3840265,'11:00:00','2016-06-24'),(1359,4785434,'18:30:00','2016-06-06'),(1360,4785434,'18:30:00','2016-06-13'),(1361,4785434,'18:30:00','2016-06-27'),(1362,4785434,'20:30:00','2016-06-01'),(1363,4785434,'21:30:00','2016-06-08'),(1364,4785434,'19:30:00','2016-06-15'),(1365,4785434,'20:30:00','2016-06-15'),(1366,4785434,'21:30:00','2016-06-15'),(1367,4785434,'19:30:00','2016-06-22'),(1368,4785434,'20:30:00','2016-06-22'),(1369,4785434,'19:30:00','2016-06-29'),(1370,4785434,'15:30:00','2016-06-04'),(1371,4785434,'15:30:00','2016-06-11'),(1372,4785434,'15:30:00','2016-06-18'),(1373,4785434,'14:30:00','2016-06-25'),(1374,4785434,'15:30:00','2016-06-25'),(1375,4785434,'16:30:00','2016-06-25'),(1376,4785434,'17:30:00','2016-06-25'),(1377,4785434,'18:00:00','2016-06-12'),(1378,4785434,'15:00:00','2016-06-19'),(1379,4785434,'16:00:00','2016-06-19'),(1380,4785434,'17:00:00','2016-06-19'),(1381,4522936,'16:00:00','2016-06-02'),(1382,4522936,'13:00:00','2016-06-09'),(1383,4522936,'13:00:00','2016-06-16'),(1384,4522936,'15:00:00','2016-06-16'),(1385,4522936,'13:00:00','2016-06-23'),(1386,4522936,'13:00:00','2016-06-30'),(1387,4522936,'14:00:00','2016-06-30'),(1388,4522936,'15:00:00','2016-06-30'),(1389,1325377,'11:30:00','2016-06-06'),(1390,1325377,'10:30:00','2016-06-13'),(1391,1325377,'11:30:00','2016-06-13'),(1392,1325377,'12:30:00','2016-06-07'),(1393,1325377,'10:30:00','2016-06-14'),(1394,1325377,'12:30:00','2016-06-14'),(1395,1325377,'11:30:00','2016-06-21'),(1396,1325377,'17:30:00','2016-06-02'),(1397,1325377,'15:30:00','2016-06-09'),(1398,1325377,'16:30:00','2016-06-16'),(1399,1325377,'18:30:00','2016-06-16'),(1400,1325377,'09:00:00','2016-06-10'),(1401,1325377,'10:00:00','2016-06-10'),(1402,1325377,'09:00:00','2016-06-17'),(1403,1325377,'10:00:00','2016-06-17'),(1404,1325377,'09:00:00','2016-06-24'),(1405,4461610,'20:30:00','2016-06-07'),(1406,4461610,'17:30:00','2016-06-14'),(1407,4461610,'20:30:00','2016-06-28'),(1408,4461610,'10:30:00','2016-06-02'),(1409,4461610,'11:30:00','2016-06-09'),(1410,4461610,'11:30:00','2016-06-16'),(1411,4461610,'08:30:00','2016-06-30'),(1412,4461610,'09:30:00','2016-06-30'),(1413,4461610,'11:30:00','2016-06-30'),(1414,4461610,'17:30:00','2016-06-03'),(1415,4461610,'19:30:00','2016-06-03'),(1416,4461610,'16:30:00','2016-06-10'),(1417,4461610,'19:30:00','2016-06-17'),(1418,4461610,'17:30:00','2016-06-24'),(1419,4461610,'18:30:00','2016-06-24'),(1420,4461610,'13:30:00','2016-06-04'),(1421,4461610,'14:30:00','2016-06-04'),(1422,4461610,'16:30:00','2016-06-04'),(1423,4461610,'13:30:00','2016-06-11'),(1424,4461610,'14:30:00','2016-06-11'),(1425,4461610,'16:30:00','2016-06-25'),(1426,7102270,'14:00:00','2016-06-07'),(1427,7102270,'14:00:00','2016-06-14'),(1428,7102270,'13:00:00','2016-06-21'),(1429,7102270,'14:00:00','2016-06-21'),(1430,7102270,'16:00:00','2016-06-28');
/*!40000 ALTER TABLE `horarioocupado` ENABLE KEYS */;
UNLOCK TABLES;

--
-- Table structure for table `interconsulta`
--

DROP TABLE IF EXISTS `interconsulta`;
/*!40101 SET @saved_cs_client     = @@character_set_client */;
/*!40101 SET character_set_client = utf8 */;
CREATE TABLE `interconsulta` (
  `idinterconsulta` int(10) unsigned NOT NULL,
  `fk_idunico` int(10) unsigned NOT NULL,
  `tipointerconsulta` varchar(50) NOT NULL,
  `fechaelaboracion` timestamp NOT NULL DEFAULT CURRENT_TIMESTAMP,
  `edad` int(3) NOT NULL,
  `peso` float DEFAULT NULL,
  `estatura` int(3) DEFAULT NULL,
  `tallacintura` int(3) DEFAULT NULL,
  `temperatura` float DEFAULT NULL,
  `presiondistolica` int(3) DEFAULT NULL,
  `presionsistolica` int(3) DEFAULT NULL,
  `frecuenciacardiaca` int(3) DEFAULT NULL,
  `otros datos` text,
  `diagnostico` text NOT NULL,
  `tratamiento` text NOT NULL,
  `pronostico` varchar(16) NOT NULL,
  `terapeutica` text,
  `nombremedico` varchar(255) NOT NULL,
  `cedulamedico` int(10) NOT NULL,
  PRIMARY KEY (`idinterconsulta`)
) ENGINE=InnoDB DEFAULT CHARSET=utf8;
/*!40101 SET character_set_client = @saved_cs_client */;

--
-- Dumping data for table `interconsulta`
--

LOCK TABLES `interconsulta` WRITE;
/*!40000 ALTER TABLE `interconsulta` DISABLE KEYS */;
/*!40000 ALTER TABLE `interconsulta` ENABLE KEYS */;
UNLOCK TABLES;

--
-- Table structure for table `medico`
--

DROP TABLE IF EXISTS `medico`;
/*!40101 SET @saved_cs_client     = @@character_set_client */;
/*!40101 SET character_set_client = utf8 */;
CREATE TABLE `medico` (
  `idcedula` int(10) unsigned NOT NULL,
  `fk_idcorreo` varchar(50) NOT NULL,
  PRIMARY KEY (`idcedula`),
  KEY `medico_idfk_1` (`fk_idcorreo`),
  CONSTRAINT `medico_idfk_1` FOREIGN KEY (`fk_idcorreo`) REFERENCES `usuario` (`idcorreo`) ON DELETE CASCADE ON UPDATE CASCADE
) ENGINE=InnoDB DEFAULT CHARSET=utf8;
/*!40101 SET character_set_client = @saved_cs_client */;

--
-- Dumping data for table `medico`
--

LOCK TABLES `medico` WRITE;
/*!40000 ALTER TABLE `medico` DISABLE KEYS */;
INSERT INTO `medico` VALUES (1979172,'medico0@gmail.com'),(7987101,'medico10@gmail.com'),(4996704,'medico11@gmail.com'),(5170189,'medico12@gmail.com'),(6441089,'medico13@gmail.com'),(8311474,'medico14@gmail.com'),(2566747,'medico15@gmail.com'),(9761829,'medico16@gmail.com'),(7055323,'medico17@gmail.com'),(8135573,'medico18@gmail.com'),(8880781,'medico19@gmail.com'),(4716263,'medico1@gmail.com'),(9078075,'medico20@gmail.com'),(5885514,'medico21@gmail.com'),(1734477,'medico22@gmail.com'),(3348759,'medico23@gmail.com'),(5839322,'medico24@gmail.com'),(9320710,'medico25@gmail.com'),(5886381,'medico26@gmail.com'),(3654879,'medico27@gmail.com'),(7793360,'medico28@gmail.com'),(4347868,'medico29@gmail.com'),(4977783,'medico2@gmail.com'),(1381990,'medico30@gmail.com'),(9868901,'medico31@gmail.com'),(6813091,'medico32@gmail.com'),(9999810,'medico33@gmail.com'),(1108269,'medico34@gmail.com'),(5990073,'medico35@gmail.com'),(9469014,'medico36@gmail.com'),(7662679,'medico37@gmail.com'),(7825513,'medico38@gmail.com'),(1748923,'medico39@gmail.com'),(1131259,'medico3@gmail.com'),(9085114,'medico40@gmail.com'),(1914576,'medico41@gmail.com'),(2688036,'medico42@gmail.com'),(3425127,'medico43@gmail.com'),(3482157,'medico44@gmail.com'),(6636521,'medico45@gmail.com'),(4498265,'medico46@gmail.com'),(4347612,'medico47@gmail.com'),(2736757,'medico48@gmail.com'),(4243779,'medico49@gmail.com'),(5351238,'medico4@gmail.com'),(9401260,'medico50@gmail.com'),(1305379,'medico51@gmail.com'),(1133159,'medico52@gmail.com'),(3253708,'medico53@gmail.com'),(5875443,'medico54@gmail.com'),(8150702,'medico55@gmail.com'),(6056309,'medico56@gmail.com'),(1875494,'medico57@gmail.com'),(3330475,'medico58@gmail.com'),(8883097,'medico59@gmail.com'),(2891733,'medico5@gmail.com'),(4773361,'medico60@gmail.com'),(5894314,'medico61@gmail.com'),(1467041,'medico62@gmail.com'),(4257089,'medico63@gmail.com'),(5563618,'medico64@gmail.com'),(8205070,'medico65@gmail.com'),(7792172,'medico66@gmail.com'),(7096223,'medico67@gmail.com'),(8383493,'medico68@gmail.com'),(8772851,'medico69@gmail.com'),(2789694,'medico6@gmail.com'),(5440362,'medico70@gmail.com'),(3325719,'medico71@gmail.com'),(9276622,'medico72@gmail.com'),(4238653,'medico73@gmail.com'),(9369437,'medico74@gmail.com'),(5973787,'medico75@gmail.com'),(9475140,'medico76@gmail.com'),(2677945,'medico77@gmail.com'),(3161648,'medico78@gmail.com'),(9154169,'medico79@gmail.com'),(4087094,'medico7@gmail.com'),(1641759,'medico80@gmail.com'),(7472423,'medico81@gmail.com'),(5398400,'medico82@gmail.com'),(3953787,'medico83@gmail.com'),(7274607,'medico84@gmail.com'),(2955066,'medico85@gmail.com'),(5930203,'medico86@gmail.com'),(9159143,'medico87@gmail.com'),(3245835,'medico88@gmail.com'),(4741606,'medico89@gmail.com'),(9802424,'medico8@gmail.com'),(2997216,'medico90@gmail.com'),(7391839,'medico91@gmail.com'),(8666140,'medico92@gmail.com'),(7959408,'medico93@gmail.com'),(3840265,'medico94@gmail.com'),(4785434,'medico95@gmail.com'),(4522936,'medico96@gmail.com'),(1325377,'medico97@gmail.com'),(4461610,'medico98@gmail.com'),(7102270,'medico99@gmail.com'),(9969571,'medico9@gmail.com');
/*!40000 ALTER TABLE `medico` ENABLE KEYS */;
UNLOCK TABLES;

--
-- Table structure for table `nota`
--

DROP TABLE IF EXISTS `nota`;
/*!40101 SET @saved_cs_client     = @@character_set_client */;
/*!40101 SET character_set_client = utf8 */;
CREATE TABLE `nota` (
  `idnota` int(10) unsigned NOT NULL,
  `fk_idunico` int(10) unsigned NOT NULL,
  `tiponota` varchar(50) NOT NULL,
  `causas` text NOT NULL,
  `analisis` text NOT NULL,
  `recomendaciones` text NOT NULL,
  `resumen` text NOT NULL,
  PRIMARY KEY (`idnota`),
  KEY `nota_idfk_1` (`fk_idunico`),
  CONSTRAINT `nota_idfk_1` FOREIGN KEY (`fk_idunico`) REFERENCES `expediente` (`idunico`) ON DELETE CASCADE ON UPDATE CASCADE
) ENGINE=InnoDB DEFAULT CHARSET=utf8;
/*!40101 SET character_set_client = @saved_cs_client */;

--
-- Dumping data for table `nota`
--

LOCK TABLES `nota` WRITE;
/*!40000 ALTER TABLE `nota` DISABLE KEYS */;
/*!40000 ALTER TABLE `nota` ENABLE KEYS */;
UNLOCK TABLES;

--
-- Table structure for table `producto`
--

DROP TABLE IF EXISTS `producto`;
/*!40101 SET @saved_cs_client     = @@character_set_client */;
/*!40101 SET character_set_client = utf8 */;
CREATE TABLE `producto` (
  `idproducto` int(10) unsigned NOT NULL,
  `nombreproducto` varchar(255) NOT NULL,
  `tipoproducto` varchar(50) NOT NULL,
  `cantidadexistente` int(4) NOT NULL,
  `precioventa` float NOT NULL,
  `ingredienteactivo` varchar(255) DEFAULT NULL,
  `descripcion` varchar(255) DEFAULT NULL,
  PRIMARY KEY (`idproducto`)
) ENGINE=InnoDB DEFAULT CHARSET=utf8;
/*!40101 SET character_set_client = @saved_cs_client */;

--
-- Dumping data for table `producto`
--

LOCK TABLES `producto` WRITE;
/*!40000 ALTER TABLE `producto` DISABLE KEYS */;
/*!40000 ALTER TABLE `producto` ENABLE KEYS */;
UNLOCK TABLES;

--
-- Table structure for table `transaccion`
--

DROP TABLE IF EXISTS `transaccion`;
/*!40101 SET @saved_cs_client     = @@character_set_client */;
/*!40101 SET character_set_client = utf8 */;
CREATE TABLE `transaccion` (
  `idtransaccion` int(10) unsigned NOT NULL,
  `fk_idproducto` int(10) unsigned NOT NULL,
  `fk_idcorreo` varchar(50) NOT NULL,
  `cantidad` int(4) NOT NULL,
  `costoxunidad` float NOT NULL,
  `concepto` varchar(255) DEFAULT NULL,
  `tipo` bit(1) NOT NULL,
  `fecha` timestamp NOT NULL DEFAULT CURRENT_TIMESTAMP,
  PRIMARY KEY (`idtransaccion`),
  KEY `transaccion_idfk_1` (`fk_idcorreo`),
  KEY `transaccion_idfk_2` (`fk_idproducto`),
  CONSTRAINT `transaccion_idfk_1` FOREIGN KEY (`fk_idcorreo`) REFERENCES `usuario` (`idcorreo`) ON DELETE CASCADE ON UPDATE CASCADE,
  CONSTRAINT `transaccion_idfk_2` FOREIGN KEY (`fk_idproducto`) REFERENCES `producto` (`idproducto`) ON DELETE CASCADE ON UPDATE CASCADE
) ENGINE=InnoDB DEFAULT CHARSET=utf8;
/*!40101 SET character_set_client = @saved_cs_client */;

--
-- Dumping data for table `transaccion`
--

LOCK TABLES `transaccion` WRITE;
/*!40000 ALTER TABLE `transaccion` DISABLE KEYS */;
/*!40000 ALTER TABLE `transaccion` ENABLE KEYS */;
UNLOCK TABLES;

--
-- Table structure for table `usuario`
--

DROP TABLE IF EXISTS `usuario`;
/*!40101 SET @saved_cs_client     = @@character_set_client */;
/*!40101 SET character_set_client = utf8 */;
CREATE TABLE `usuario` (
  `idcorreo` varchar(50) NOT NULL,
  `password` varchar(20) NOT NULL,
  `nombreusuario` varchar(255) NOT NULL,
  `direccion` varchar(255) DEFAULT NULL,
  `telefono` varchar(12) DEFAULT NULL,
  `tipo` int(1) NOT NULL,
  PRIMARY KEY (`idcorreo`)
) ENGINE=InnoDB DEFAULT CHARSET=utf8;
/*!40101 SET character_set_client = @saved_cs_client */;

--
-- Dumping data for table `usuario`
--

LOCK TABLES `usuario` WRITE;
/*!40000 ALTER TABLE `usuario` DISABLE KEYS */;
INSERT INTO `usuario` VALUES ('cajero0@gmail.com','cajero0','Nombre Del Cajero Numero 0','Aqui va la direccion del Cajero  Numero 0','555559220',1),('cajero1@gmail.com','cajero1','Nombre Del Cajero Numero 1','Aqui va la direccion del Cajero  Numero 1','555559221',1),('cajero2@gmail.com','cajero2','Nombre Del Cajero Numero 2','Aqui va la direccion del Cajero  Numero 2','555559222',1),('cajero3@gmail.com','cajero3','Nombre Del Cajero Numero 3','Aqui va la direccion del Cajero  Numero 3','555559223',1),('cajero4@gmail.com','cajero4','Nombre Del Cajero Numero 4','Aqui va la direccion del Cajero  Numero 4','555559224',1),('cajero5@gmail.com','cajero5','Nombre Del Cajero Numero 5','Aqui va la direccion del Cajero  Numero 5','555559225',1),('cajero6@gmail.com','cajero6','Nombre Del Cajero Numero 6','Aqui va la direccion del Cajero  Numero 6','555559226',1),('cajero7@gmail.com','cajero7','Nombre Del Cajero Numero 7','Aqui va la direccion del Cajero  Numero 7','555559227',1),('cajero8@gmail.com','cajero8','Nombre Del Cajero Numero 8','Aqui va la direccion del Cajero  Numero 8','555559228',1),('cajero9@gmail.com','cajero9','Nombre Del Cajero Numero 9','Aqui va la direccion del Cajero  Numero 9','555559229',1),('medico0@gmail.com','medico0','Nombre Del Medico Numero 0','Aqui va la direccion del medico  Numero 0','5555592000',3),('medico10@gmail.com','medico10','Nombre Del Medico Numero 10','Aqui va la direccion del medico  Numero 10','5555592010',3),('medico11@gmail.com','medico11','Nombre Del Medico Numero 11','Aqui va la direccion del medico  Numero 11','5555592011',3),('medico12@gmail.com','medico12','Nombre Del Medico Numero 12','Aqui va la direccion del medico  Numero 12','5555592012',3),('medico13@gmail.com','medico13','Nombre Del Medico Numero 13','Aqui va la direccion del medico  Numero 13','5555592013',3),('medico14@gmail.com','medico14','Nombre Del Medico Numero 14','Aqui va la direccion del medico  Numero 14','5555592014',3),('medico15@gmail.com','medico15','Nombre Del Medico Numero 15','Aqui va la direccion del medico  Numero 15','5555592015',3),('medico16@gmail.com','medico16','Nombre Del Medico Numero 16','Aqui va la direccion del medico  Numero 16','5555592016',3),('medico17@gmail.com','medico17','Nombre Del Medico Numero 17','Aqui va la direccion del medico  Numero 17','5555592017',3),('medico18@gmail.com','medico18','Nombre Del Medico Numero 18','Aqui va la direccion del medico  Numero 18','5555592018',3),('medico19@gmail.com','medico19','Nombre Del Medico Numero 19','Aqui va la direccion del medico  Numero 19','5555592019',3),('medico1@gmail.com','medico1','Nombre Del Medico Numero 1','Aqui va la direccion del medico  Numero 1','5555592001',3),('medico20@gmail.com','medico20','Nombre Del Medico Numero 20','Aqui va la direccion del medico  Numero 20','5555592020',3),('medico21@gmail.com','medico21','Nombre Del Medico Numero 21','Aqui va la direccion del medico  Numero 21','5555592021',3),('medico22@gmail.com','medico22','Nombre Del Medico Numero 22','Aqui va la direccion del medico  Numero 22','5555592022',3),('medico23@gmail.com','medico23','Nombre Del Medico Numero 23','Aqui va la direccion del medico  Numero 23','5555592023',3),('medico24@gmail.com','medico24','Nombre Del Medico Numero 24','Aqui va la direccion del medico  Numero 24','5555592024',3),('medico25@gmail.com','medico25','Nombre Del Medico Numero 25','Aqui va la direccion del medico  Numero 25','5555592025',3),('medico26@gmail.com','medico26','Nombre Del Medico Numero 26','Aqui va la direccion del medico  Numero 26','5555592026',3),('medico27@gmail.com','medico27','Nombre Del Medico Numero 27','Aqui va la direccion del medico  Numero 27','5555592027',3),('medico28@gmail.com','medico28','Nombre Del Medico Numero 28','Aqui va la direccion del medico  Numero 28','5555592028',3),('medico29@gmail.com','medico29','Nombre Del Medico Numero 29','Aqui va la direccion del medico  Numero 29','5555592029',3),('medico2@gmail.com','medico2','Nombre Del Medico Numero 2','Aqui va la direccion del medico  Numero 2','5555592002',3),('medico30@gmail.com','medico30','Nombre Del Medico Numero 30','Aqui va la direccion del medico  Numero 30','5555592030',3),('medico31@gmail.com','medico31','Nombre Del Medico Numero 31','Aqui va la direccion del medico  Numero 31','5555592031',3),('medico32@gmail.com','medico32','Nombre Del Medico Numero 32','Aqui va la direccion del medico  Numero 32','5555592032',3),('medico33@gmail.com','medico33','Nombre Del Medico Numero 33','Aqui va la direccion del medico  Numero 33','5555592033',3),('medico34@gmail.com','medico34','Nombre Del Medico Numero 34','Aqui va la direccion del medico  Numero 34','5555592034',3),('medico35@gmail.com','medico35','Nombre Del Medico Numero 35','Aqui va la direccion del medico  Numero 35','5555592035',3),('medico36@gmail.com','medico36','Nombre Del Medico Numero 36','Aqui va la direccion del medico  Numero 36','5555592036',3),('medico37@gmail.com','medico37','Nombre Del Medico Numero 37','Aqui va la direccion del medico  Numero 37','5555592037',3),('medico38@gmail.com','medico38','Nombre Del Medico Numero 38','Aqui va la direccion del medico  Numero 38','5555592038',3),('medico39@gmail.com','medico39','Nombre Del Medico Numero 39','Aqui va la direccion del medico  Numero 39','5555592039',3),('medico3@gmail.com','medico3','Nombre Del Medico Numero 3','Aqui va la direccion del medico  Numero 3','5555592003',3),('medico40@gmail.com','medico40','Nombre Del Medico Numero 40','Aqui va la direccion del medico  Numero 40','5555592040',3),('medico41@gmail.com','medico41','Nombre Del Medico Numero 41','Aqui va la direccion del medico  Numero 41','5555592041',3),('medico42@gmail.com','medico42','Nombre Del Medico Numero 42','Aqui va la direccion del medico  Numero 42','5555592042',3),('medico43@gmail.com','medico43','Nombre Del Medico Numero 43','Aqui va la direccion del medico  Numero 43','5555592043',3),('medico44@gmail.com','medico44','Nombre Del Medico Numero 44','Aqui va la direccion del medico  Numero 44','5555592044',3),('medico45@gmail.com','medico45','Nombre Del Medico Numero 45','Aqui va la direccion del medico  Numero 45','5555592045',3),('medico46@gmail.com','medico46','Nombre Del Medico Numero 46','Aqui va la direccion del medico  Numero 46','5555592046',3),('medico47@gmail.com','medico47','Nombre Del Medico Numero 47','Aqui va la direccion del medico  Numero 47','5555592047',3),('medico48@gmail.com','medico48','Nombre Del Medico Numero 48','Aqui va la direccion del medico  Numero 48','5555592048',3),('medico49@gmail.com','medico49','Nombre Del Medico Numero 49','Aqui va la direccion del medico  Numero 49','5555592049',3),('medico4@gmail.com','medico4','Nombre Del Medico Numero 4','Aqui va la direccion del medico  Numero 4','5555592004',3),('medico50@gmail.com','medico50','Nombre Del Medico Numero 50','Aqui va la direccion del medico  Numero 50','5555592050',3),('medico51@gmail.com','medico51','Nombre Del Medico Numero 51','Aqui va la direccion del medico  Numero 51','5555592051',3),('medico52@gmail.com','medico52','Nombre Del Medico Numero 52','Aqui va la direccion del medico  Numero 52','5555592052',3),('medico53@gmail.com','medico53','Nombre Del Medico Numero 53','Aqui va la direccion del medico  Numero 53','5555592053',3),('medico54@gmail.com','medico54','Nombre Del Medico Numero 54','Aqui va la direccion del medico  Numero 54','5555592054',3),('medico55@gmail.com','medico55','Nombre Del Medico Numero 55','Aqui va la direccion del medico  Numero 55','5555592055',3),('medico56@gmail.com','medico56','Nombre Del Medico Numero 56','Aqui va la direccion del medico  Numero 56','5555592056',3),('medico57@gmail.com','medico57','Nombre Del Medico Numero 57','Aqui va la direccion del medico  Numero 57','5555592057',3),('medico58@gmail.com','medico58','Nombre Del Medico Numero 58','Aqui va la direccion del medico  Numero 58','5555592058',3),('medico59@gmail.com','medico59','Nombre Del Medico Numero 59','Aqui va la direccion del medico  Numero 59','5555592059',3),('medico5@gmail.com','medico5','Nombre Del Medico Numero 5','Aqui va la direccion del medico  Numero 5','5555592005',3),('medico60@gmail.com','medico60','Nombre Del Medico Numero 60','Aqui va la direccion del medico  Numero 60','5555592060',3),('medico61@gmail.com','medico61','Nombre Del Medico Numero 61','Aqui va la direccion del medico  Numero 61','5555592061',3),('medico62@gmail.com','medico62','Nombre Del Medico Numero 62','Aqui va la direccion del medico  Numero 62','5555592062',3),('medico63@gmail.com','medico63','Nombre Del Medico Numero 63','Aqui va la direccion del medico  Numero 63','5555592063',3),('medico64@gmail.com','medico64','Nombre Del Medico Numero 64','Aqui va la direccion del medico  Numero 64','5555592064',3),('medico65@gmail.com','medico65','Nombre Del Medico Numero 65','Aqui va la direccion del medico  Numero 65','5555592065',3),('medico66@gmail.com','medico66','Nombre Del Medico Numero 66','Aqui va la direccion del medico  Numero 66','5555592066',3),('medico67@gmail.com','medico67','Nombre Del Medico Numero 67','Aqui va la direccion del medico  Numero 67','5555592067',3),('medico68@gmail.com','medico68','Nombre Del Medico Numero 68','Aqui va la direccion del medico  Numero 68','5555592068',3),('medico69@gmail.com','medico69','Nombre Del Medico Numero 69','Aqui va la direccion del medico  Numero 69','5555592069',3),('medico6@gmail.com','medico6','Nombre Del Medico Numero 6','Aqui va la direccion del medico  Numero 6','5555592006',3),('medico70@gmail.com','medico70','Nombre Del Medico Numero 70','Aqui va la direccion del medico  Numero 70','5555592070',3),('medico71@gmail.com','medico71','Nombre Del Medico Numero 71','Aqui va la direccion del medico  Numero 71','5555592071',3),('medico72@gmail.com','medico72','Nombre Del Medico Numero 72','Aqui va la direccion del medico  Numero 72','5555592072',3),('medico73@gmail.com','medico73','Nombre Del Medico Numero 73','Aqui va la direccion del medico  Numero 73','5555592073',3),('medico74@gmail.com','medico74','Nombre Del Medico Numero 74','Aqui va la direccion del medico  Numero 74','5555592074',3),('medico75@gmail.com','medico75','Nombre Del Medico Numero 75','Aqui va la direccion del medico  Numero 75','5555592075',3),('medico76@gmail.com','medico76','Nombre Del Medico Numero 76','Aqui va la direccion del medico  Numero 76','5555592076',3),('medico77@gmail.com','medico77','Nombre Del Medico Numero 77','Aqui va la direccion del medico  Numero 77','5555592077',3),('medico78@gmail.com','medico78','Nombre Del Medico Numero 78','Aqui va la direccion del medico  Numero 78','5555592078',3),('medico79@gmail.com','medico79','Nombre Del Medico Numero 79','Aqui va la direccion del medico  Numero 79','5555592079',3),('medico7@gmail.com','medico7','Nombre Del Medico Numero 7','Aqui va la direccion del medico  Numero 7','5555592007',3),('medico80@gmail.com','medico80','Nombre Del Medico Numero 80','Aqui va la direccion del medico  Numero 80','5555592080',3),('medico81@gmail.com','medico81','Nombre Del Medico Numero 81','Aqui va la direccion del medico  Numero 81','5555592081',3),('medico82@gmail.com','medico82','Nombre Del Medico Numero 82','Aqui va la direccion del medico  Numero 82','5555592082',3),('medico83@gmail.com','medico83','Nombre Del Medico Numero 83','Aqui va la direccion del medico  Numero 83','5555592083',3),('medico84@gmail.com','medico84','Nombre Del Medico Numero 84','Aqui va la direccion del medico  Numero 84','5555592084',3),('medico85@gmail.com','medico85','Nombre Del Medico Numero 85','Aqui va la direccion del medico  Numero 85','5555592085',3),('medico86@gmail.com','medico86','Nombre Del Medico Numero 86','Aqui va la direccion del medico  Numero 86','5555592086',3),('medico87@gmail.com','medico87','Nombre Del Medico Numero 87','Aqui va la direccion del medico  Numero 87','5555592087',3),('medico88@gmail.com','medico88','Nombre Del Medico Numero 88','Aqui va la direccion del medico  Numero 88','5555592088',3),('medico89@gmail.com','medico89','Nombre Del Medico Numero 89','Aqui va la direccion del medico  Numero 89','5555592089',3),('medico8@gmail.com','medico8','Nombre Del Medico Numero 8','Aqui va la direccion del medico  Numero 8','5555592008',3),('medico90@gmail.com','medico90','Nombre Del Medico Numero 90','Aqui va la direccion del medico  Numero 90','5555592090',3),('medico91@gmail.com','medico91','Nombre Del Medico Numero 91','Aqui va la direccion del medico  Numero 91','5555592091',3),('medico92@gmail.com','medico92','Nombre Del Medico Numero 92','Aqui va la direccion del medico  Numero 92','5555592092',3),('medico93@gmail.com','medico93','Nombre Del Medico Numero 93','Aqui va la direccion del medico  Numero 93','5555592093',3),('medico94@gmail.com','medico94','Nombre Del Medico Numero 94','Aqui va la direccion del medico  Numero 94','5555592094',3),('medico95@gmail.com','medico95','Nombre Del Medico Numero 95','Aqui va la direccion del medico  Numero 95','5555592095',3),('medico96@gmail.com','medico96','Nombre Del Medico Numero 96','Aqui va la direccion del medico  Numero 96','5555592096',3),('medico97@gmail.com','medico97','Nombre Del Medico Numero 97','Aqui va la direccion del medico  Numero 97','5555592097',3),('medico98@gmail.com','medico98','Nombre Del Medico Numero 98','Aqui va la direccion del medico  Numero 98','5555592098',3),('medico99@gmail.com','medico99','Nombre Del Medico Numero 99','Aqui va la direccion del medico  Numero 99','5555592099',3),('medico9@gmail.com','medico9','Nombre Del Medico Numero 9','Aqui va la direccion del medico  Numero 9','5555592009',3),('recepcionista0@gmail.com','recepcionista0','Nombre Del recepcionista Numero 0','Aqui va la direccion del recepcionista  Numero 0','5555592010',2),('recepcionista1@gmail.com','recepcionista1','Nombre Del recepcionista Numero 1','Aqui va la direccion del recepcionista  Numero 1','5555592011',2),('recepcionista2@gmail.com','recepcionista2','Nombre Del recepcionista Numero 2','Aqui va la direccion del recepcionista  Numero 2','5555592012',2),('recepcionista3@gmail.com','recepcionista3','Nombre Del recepcionista Numero 3','Aqui va la direccion del recepcionista  Numero 3','5555592013',2),('recepcionista4@gmail.com','recepcionista4','Nombre Del recepcionista Numero 4','Aqui va la direccion del recepcionista  Numero 4','5555592014',2),('recepcionista5@gmail.com','recepcionista5','Nombre Del recepcionista Numero 5','Aqui va la direccion del recepcionista  Numero 5','5555592015',2),('recepcionista6@gmail.com','recepcionista6','Nombre Del recepcionista Numero 6','Aqui va la direccion del recepcionista  Numero 6','5555592016',2),('recepcionista7@gmail.com','recepcionista7','Nombre Del recepcionista Numero 7','Aqui va la direccion del recepcionista  Numero 7','5555592017',2),('recepcionista8@gmail.com','recepcionista8','Nombre Del recepcionista Numero 8','Aqui va la direccion del recepcionista  Numero 8','5555592018',2),('recepcionista9@gmail.com','recepcionista9','Nombre Del recepcionista Numero 9','Aqui va la direccion del recepcionista  Numero 9','5555592019',2),('usuario_web0@gmail.com','usuarioweb0','Nombre Del Usuario Web Numero 0','Aqui va la direccion del Usuario Web  Numero 0','5555521000',0),('usuario_web100@gmail.com','usuarioweb100','Nombre Del Usuario Web Numero 100','Aqui va la direccion del Usuario Web  Numero 100','5555521100',0),('usuario_web101@gmail.com','usuarioweb101','Nombre Del Usuario Web Numero 101','Aqui va la direccion del Usuario Web  Numero 101','5555521101',0),('usuario_web102@gmail.com','usuarioweb102','Nombre Del Usuario Web Numero 102','Aqui va la direccion del Usuario Web  Numero 102','5555521102',0),('usuario_web103@gmail.com','usuarioweb103','Nombre Del Usuario Web Numero 103','Aqui va la direccion del Usuario Web  Numero 103','5555521103',0),('usuario_web104@gmail.com','usuarioweb104','Nombre Del Usuario Web Numero 104','Aqui va la direccion del Usuario Web  Numero 104','5555521104',0),('usuario_web105@gmail.com','usuarioweb105','Nombre Del Usuario Web Numero 105','Aqui va la direccion del Usuario Web  Numero 105','5555521105',0),('usuario_web106@gmail.com','usuarioweb106','Nombre Del Usuario Web Numero 106','Aqui va la direccion del Usuario Web  Numero 106','5555521106',0),('usuario_web107@gmail.com','usuarioweb107','Nombre Del Usuario Web Numero 107','Aqui va la direccion del Usuario Web  Numero 107','5555521107',0),('usuario_web108@gmail.com','usuarioweb108','Nombre Del Usuario Web Numero 108','Aqui va la direccion del Usuario Web  Numero 108','5555521108',0),('usuario_web109@gmail.com','usuarioweb109','Nombre Del Usuario Web Numero 109','Aqui va la direccion del Usuario Web  Numero 109','5555521109',0),('usuario_web10@gmail.com','usuarioweb10','Nombre Del Usuario Web Numero 10','Aqui va la direccion del Usuario Web  Numero 10','5555521010',0),('usuario_web110@gmail.com','usuarioweb110','Nombre Del Usuario Web Numero 110','Aqui va la direccion del Usuario Web  Numero 110','5555521110',0),('usuario_web111@gmail.com','usuarioweb111','Nombre Del Usuario Web Numero 111','Aqui va la direccion del Usuario Web  Numero 111','5555521111',0),('usuario_web112@gmail.com','usuarioweb112','Nombre Del Usuario Web Numero 112','Aqui va la direccion del Usuario Web  Numero 112','5555521112',0),('usuario_web113@gmail.com','usuarioweb113','Nombre Del Usuario Web Numero 113','Aqui va la direccion del Usuario Web  Numero 113','5555521113',0),('usuario_web114@gmail.com','usuarioweb114','Nombre Del Usuario Web Numero 114','Aqui va la direccion del Usuario Web  Numero 114','5555521114',0),('usuario_web115@gmail.com','usuarioweb115','Nombre Del Usuario Web Numero 115','Aqui va la direccion del Usuario Web  Numero 115','5555521115',0),('usuario_web116@gmail.com','usuarioweb116','Nombre Del Usuario Web Numero 116','Aqui va la direccion del Usuario Web  Numero 116','5555521116',0),('usuario_web117@gmail.com','usuarioweb117','Nombre Del Usuario Web Numero 117','Aqui va la direccion del Usuario Web  Numero 117','5555521117',0),('usuario_web118@gmail.com','usuarioweb118','Nombre Del Usuario Web Numero 118','Aqui va la direccion del Usuario Web  Numero 118','5555521118',0),('usuario_web119@gmail.com','usuarioweb119','Nombre Del Usuario Web Numero 119','Aqui va la direccion del Usuario Web  Numero 119','5555521119',0),('usuario_web11@gmail.com','usuarioweb11','Nombre Del Usuario Web Numero 11','Aqui va la direccion del Usuario Web  Numero 11','5555521011',0),('usuario_web120@gmail.com','usuarioweb120','Nombre Del Usuario Web Numero 120','Aqui va la direccion del Usuario Web  Numero 120','5555521120',0),('usuario_web121@gmail.com','usuarioweb121','Nombre Del Usuario Web Numero 121','Aqui va la direccion del Usuario Web  Numero 121','5555521121',0),('usuario_web122@gmail.com','usuarioweb122','Nombre Del Usuario Web Numero 122','Aqui va la direccion del Usuario Web  Numero 122','5555521122',0),('usuario_web123@gmail.com','usuarioweb123','Nombre Del Usuario Web Numero 123','Aqui va la direccion del Usuario Web  Numero 123','5555521123',0),('usuario_web124@gmail.com','usuarioweb124','Nombre Del Usuario Web Numero 124','Aqui va la direccion del Usuario Web  Numero 124','5555521124',0),('usuario_web125@gmail.com','usuarioweb125','Nombre Del Usuario Web Numero 125','Aqui va la direccion del Usuario Web  Numero 125','5555521125',0),('usuario_web126@gmail.com','usuarioweb126','Nombre Del Usuario Web Numero 126','Aqui va la direccion del Usuario Web  Numero 126','5555521126',0),('usuario_web127@gmail.com','usuarioweb127','Nombre Del Usuario Web Numero 127','Aqui va la direccion del Usuario Web  Numero 127','5555521127',0),('usuario_web128@gmail.com','usuarioweb128','Nombre Del Usuario Web Numero 128','Aqui va la direccion del Usuario Web  Numero 128','5555521128',0),('usuario_web129@gmail.com','usuarioweb129','Nombre Del Usuario Web Numero 129','Aqui va la direccion del Usuario Web  Numero 129','5555521129',0),('usuario_web12@gmail.com','usuarioweb12','Nombre Del Usuario Web Numero 12','Aqui va la direccion del Usuario Web  Numero 12','5555521012',0),('usuario_web130@gmail.com','usuarioweb130','Nombre Del Usuario Web Numero 130','Aqui va la direccion del Usuario Web  Numero 130','5555521130',0),('usuario_web131@gmail.com','usuarioweb131','Nombre Del Usuario Web Numero 131','Aqui va la direccion del Usuario Web  Numero 131','5555521131',0),('usuario_web132@gmail.com','usuarioweb132','Nombre Del Usuario Web Numero 132','Aqui va la direccion del Usuario Web  Numero 132','5555521132',0),('usuario_web133@gmail.com','usuarioweb133','Nombre Del Usuario Web Numero 133','Aqui va la direccion del Usuario Web  Numero 133','5555521133',0),('usuario_web134@gmail.com','usuarioweb134','Nombre Del Usuario Web Numero 134','Aqui va la direccion del Usuario Web  Numero 134','5555521134',0),('usuario_web135@gmail.com','usuarioweb135','Nombre Del Usuario Web Numero 135','Aqui va la direccion del Usuario Web  Numero 135','5555521135',0),('usuario_web136@gmail.com','usuarioweb136','Nombre Del Usuario Web Numero 136','Aqui va la direccion del Usuario Web  Numero 136','5555521136',0),('usuario_web137@gmail.com','usuarioweb137','Nombre Del Usuario Web Numero 137','Aqui va la direccion del Usuario Web  Numero 137','5555521137',0),('usuario_web138@gmail.com','usuarioweb138','Nombre Del Usuario Web Numero 138','Aqui va la direccion del Usuario Web  Numero 138','5555521138',0),('usuario_web139@gmail.com','usuarioweb139','Nombre Del Usuario Web Numero 139','Aqui va la direccion del Usuario Web  Numero 139','5555521139',0),('usuario_web13@gmail.com','usuarioweb13','Nombre Del Usuario Web Numero 13','Aqui va la direccion del Usuario Web  Numero 13','5555521013',0),('usuario_web140@gmail.com','usuarioweb140','Nombre Del Usuario Web Numero 140','Aqui va la direccion del Usuario Web  Numero 140','5555521140',0),('usuario_web141@gmail.com','usuarioweb141','Nombre Del Usuario Web Numero 141','Aqui va la direccion del Usuario Web  Numero 141','5555521141',0),('usuario_web142@gmail.com','usuarioweb142','Nombre Del Usuario Web Numero 142','Aqui va la direccion del Usuario Web  Numero 142','5555521142',0),('usuario_web143@gmail.com','usuarioweb143','Nombre Del Usuario Web Numero 143','Aqui va la direccion del Usuario Web  Numero 143','5555521143',0),('usuario_web144@gmail.com','usuarioweb144','Nombre Del Usuario Web Numero 144','Aqui va la direccion del Usuario Web  Numero 144','5555521144',0),('usuario_web145@gmail.com','usuarioweb145','Nombre Del Usuario Web Numero 145','Aqui va la direccion del Usuario Web  Numero 145','5555521145',0),('usuario_web146@gmail.com','usuarioweb146','Nombre Del Usuario Web Numero 146','Aqui va la direccion del Usuario Web  Numero 146','5555521146',0),('usuario_web147@gmail.com','usuarioweb147','Nombre Del Usuario Web Numero 147','Aqui va la direccion del Usuario Web  Numero 147','5555521147',0),('usuario_web148@gmail.com','usuarioweb148','Nombre Del Usuario Web Numero 148','Aqui va la direccion del Usuario Web  Numero 148','5555521148',0),('usuario_web149@gmail.com','usuarioweb149','Nombre Del Usuario Web Numero 149','Aqui va la direccion del Usuario Web  Numero 149','5555521149',0),('usuario_web14@gmail.com','usuarioweb14','Nombre Del Usuario Web Numero 14','Aqui va la direccion del Usuario Web  Numero 14','5555521014',0),('usuario_web150@gmail.com','usuarioweb150','Nombre Del Usuario Web Numero 150','Aqui va la direccion del Usuario Web  Numero 150','5555521150',0),('usuario_web151@gmail.com','usuarioweb151','Nombre Del Usuario Web Numero 151','Aqui va la direccion del Usuario Web  Numero 151','5555521151',0),('usuario_web152@gmail.com','usuarioweb152','Nombre Del Usuario Web Numero 152','Aqui va la direccion del Usuario Web  Numero 152','5555521152',0),('usuario_web153@gmail.com','usuarioweb153','Nombre Del Usuario Web Numero 153','Aqui va la direccion del Usuario Web  Numero 153','5555521153',0),('usuario_web154@gmail.com','usuarioweb154','Nombre Del Usuario Web Numero 154','Aqui va la direccion del Usuario Web  Numero 154','5555521154',0),('usuario_web155@gmail.com','usuarioweb155','Nombre Del Usuario Web Numero 155','Aqui va la direccion del Usuario Web  Numero 155','5555521155',0),('usuario_web156@gmail.com','usuarioweb156','Nombre Del Usuario Web Numero 156','Aqui va la direccion del Usuario Web  Numero 156','5555521156',0),('usuario_web157@gmail.com','usuarioweb157','Nombre Del Usuario Web Numero 157','Aqui va la direccion del Usuario Web  Numero 157','5555521157',0),('usuario_web158@gmail.com','usuarioweb158','Nombre Del Usuario Web Numero 158','Aqui va la direccion del Usuario Web  Numero 158','5555521158',0),('usuario_web159@gmail.com','usuarioweb159','Nombre Del Usuario Web Numero 159','Aqui va la direccion del Usuario Web  Numero 159','5555521159',0),('usuario_web15@gmail.com','usuarioweb15','Nombre Del Usuario Web Numero 15','Aqui va la direccion del Usuario Web  Numero 15','5555521015',0),('usuario_web160@gmail.com','usuarioweb160','Nombre Del Usuario Web Numero 160','Aqui va la direccion del Usuario Web  Numero 160','5555521160',0),('usuario_web161@gmail.com','usuarioweb161','Nombre Del Usuario Web Numero 161','Aqui va la direccion del Usuario Web  Numero 161','5555521161',0),('usuario_web162@gmail.com','usuarioweb162','Nombre Del Usuario Web Numero 162','Aqui va la direccion del Usuario Web  Numero 162','5555521162',0),('usuario_web163@gmail.com','usuarioweb163','Nombre Del Usuario Web Numero 163','Aqui va la direccion del Usuario Web  Numero 163','5555521163',0),('usuario_web164@gmail.com','usuarioweb164','Nombre Del Usuario Web Numero 164','Aqui va la direccion del Usuario Web  Numero 164','5555521164',0),('usuario_web165@gmail.com','usuarioweb165','Nombre Del Usuario Web Numero 165','Aqui va la direccion del Usuario Web  Numero 165','5555521165',0),('usuario_web166@gmail.com','usuarioweb166','Nombre Del Usuario Web Numero 166','Aqui va la direccion del Usuario Web  Numero 166','5555521166',0),('usuario_web167@gmail.com','usuarioweb167','Nombre Del Usuario Web Numero 167','Aqui va la direccion del Usuario Web  Numero 167','5555521167',0),('usuario_web168@gmail.com','usuarioweb168','Nombre Del Usuario Web Numero 168','Aqui va la direccion del Usuario Web  Numero 168','5555521168',0),('usuario_web169@gmail.com','usuarioweb169','Nombre Del Usuario Web Numero 169','Aqui va la direccion del Usuario Web  Numero 169','5555521169',0),('usuario_web16@gmail.com','usuarioweb16','Nombre Del Usuario Web Numero 16','Aqui va la direccion del Usuario Web  Numero 16','5555521016',0),('usuario_web170@gmail.com','usuarioweb170','Nombre Del Usuario Web Numero 170','Aqui va la direccion del Usuario Web  Numero 170','5555521170',0),('usuario_web171@gmail.com','usuarioweb171','Nombre Del Usuario Web Numero 171','Aqui va la direccion del Usuario Web  Numero 171','5555521171',0),('usuario_web172@gmail.com','usuarioweb172','Nombre Del Usuario Web Numero 172','Aqui va la direccion del Usuario Web  Numero 172','5555521172',0),('usuario_web173@gmail.com','usuarioweb173','Nombre Del Usuario Web Numero 173','Aqui va la direccion del Usuario Web  Numero 173','5555521173',0),('usuario_web174@gmail.com','usuarioweb174','Nombre Del Usuario Web Numero 174','Aqui va la direccion del Usuario Web  Numero 174','5555521174',0),('usuario_web175@gmail.com','usuarioweb175','Nombre Del Usuario Web Numero 175','Aqui va la direccion del Usuario Web  Numero 175','5555521175',0),('usuario_web176@gmail.com','usuarioweb176','Nombre Del Usuario Web Numero 176','Aqui va la direccion del Usuario Web  Numero 176','5555521176',0),('usuario_web177@gmail.com','usuarioweb177','Nombre Del Usuario Web Numero 177','Aqui va la direccion del Usuario Web  Numero 177','5555521177',0),('usuario_web178@gmail.com','usuarioweb178','Nombre Del Usuario Web Numero 178','Aqui va la direccion del Usuario Web  Numero 178','5555521178',0),('usuario_web179@gmail.com','usuarioweb179','Nombre Del Usuario Web Numero 179','Aqui va la direccion del Usuario Web  Numero 179','5555521179',0),('usuario_web17@gmail.com','usuarioweb17','Nombre Del Usuario Web Numero 17','Aqui va la direccion del Usuario Web  Numero 17','5555521017',0),('usuario_web180@gmail.com','usuarioweb180','Nombre Del Usuario Web Numero 180','Aqui va la direccion del Usuario Web  Numero 180','5555521180',0),('usuario_web181@gmail.com','usuarioweb181','Nombre Del Usuario Web Numero 181','Aqui va la direccion del Usuario Web  Numero 181','5555521181',0),('usuario_web182@gmail.com','usuarioweb182','Nombre Del Usuario Web Numero 182','Aqui va la direccion del Usuario Web  Numero 182','5555521182',0),('usuario_web183@gmail.com','usuarioweb183','Nombre Del Usuario Web Numero 183','Aqui va la direccion del Usuario Web  Numero 183','5555521183',0),('usuario_web184@gmail.com','usuarioweb184','Nombre Del Usuario Web Numero 184','Aqui va la direccion del Usuario Web  Numero 184','5555521184',0),('usuario_web185@gmail.com','usuarioweb185','Nombre Del Usuario Web Numero 185','Aqui va la direccion del Usuario Web  Numero 185','5555521185',0),('usuario_web186@gmail.com','usuarioweb186','Nombre Del Usuario Web Numero 186','Aqui va la direccion del Usuario Web  Numero 186','5555521186',0),('usuario_web187@gmail.com','usuarioweb187','Nombre Del Usuario Web Numero 187','Aqui va la direccion del Usuario Web  Numero 187','5555521187',0),('usuario_web188@gmail.com','usuarioweb188','Nombre Del Usuario Web Numero 188','Aqui va la direccion del Usuario Web  Numero 188','5555521188',0),('usuario_web189@gmail.com','usuarioweb189','Nombre Del Usuario Web Numero 189','Aqui va la direccion del Usuario Web  Numero 189','5555521189',0),('usuario_web18@gmail.com','usuarioweb18','Nombre Del Usuario Web Numero 18','Aqui va la direccion del Usuario Web  Numero 18','5555521018',0),('usuario_web190@gmail.com','usuarioweb190','Nombre Del Usuario Web Numero 190','Aqui va la direccion del Usuario Web  Numero 190','5555521190',0),('usuario_web191@gmail.com','usuarioweb191','Nombre Del Usuario Web Numero 191','Aqui va la direccion del Usuario Web  Numero 191','5555521191',0),('usuario_web192@gmail.com','usuarioweb192','Nombre Del Usuario Web Numero 192','Aqui va la direccion del Usuario Web  Numero 192','5555521192',0),('usuario_web193@gmail.com','usuarioweb193','Nombre Del Usuario Web Numero 193','Aqui va la direccion del Usuario Web  Numero 193','5555521193',0),('usuario_web194@gmail.com','usuarioweb194','Nombre Del Usuario Web Numero 194','Aqui va la direccion del Usuario Web  Numero 194','5555521194',0),('usuario_web195@gmail.com','usuarioweb195','Nombre Del Usuario Web Numero 195','Aqui va la direccion del Usuario Web  Numero 195','5555521195',0),('usuario_web196@gmail.com','usuarioweb196','Nombre Del Usuario Web Numero 196','Aqui va la direccion del Usuario Web  Numero 196','5555521196',0),('usuario_web197@gmail.com','usuarioweb197','Nombre Del Usuario Web Numero 197','Aqui va la direccion del Usuario Web  Numero 197','5555521197',0),('usuario_web198@gmail.com','usuarioweb198','Nombre Del Usuario Web Numero 198','Aqui va la direccion del Usuario Web  Numero 198','5555521198',0),('usuario_web199@gmail.com','usuarioweb199','Nombre Del Usuario Web Numero 199','Aqui va la direccion del Usuario Web  Numero 199','5555521199',0),('usuario_web19@gmail.com','usuarioweb19','Nombre Del Usuario Web Numero 19','Aqui va la direccion del Usuario Web  Numero 19','5555521019',0),('usuario_web1@gmail.com','usuarioweb1','Nombre Del Usuario Web Numero 1','Aqui va la direccion del Usuario Web  Numero 1','5555521001',0),('usuario_web200@gmail.com','usuarioweb200','Nombre Del Usuario Web Numero 200','Aqui va la direccion del Usuario Web  Numero 200','5555521200',0),('usuario_web201@gmail.com','usuarioweb201','Nombre Del Usuario Web Numero 201','Aqui va la direccion del Usuario Web  Numero 201','5555521201',0),('usuario_web202@gmail.com','usuarioweb202','Nombre Del Usuario Web Numero 202','Aqui va la direccion del Usuario Web  Numero 202','5555521202',0),('usuario_web203@gmail.com','usuarioweb203','Nombre Del Usuario Web Numero 203','Aqui va la direccion del Usuario Web  Numero 203','5555521203',0),('usuario_web204@gmail.com','usuarioweb204','Nombre Del Usuario Web Numero 204','Aqui va la direccion del Usuario Web  Numero 204','5555521204',0),('usuario_web205@gmail.com','usuarioweb205','Nombre Del Usuario Web Numero 205','Aqui va la direccion del Usuario Web  Numero 205','5555521205',0),('usuario_web206@gmail.com','usuarioweb206','Nombre Del Usuario Web Numero 206','Aqui va la direccion del Usuario Web  Numero 206','5555521206',0),('usuario_web207@gmail.com','usuarioweb207','Nombre Del Usuario Web Numero 207','Aqui va la direccion del Usuario Web  Numero 207','5555521207',0),('usuario_web208@gmail.com','usuarioweb208','Nombre Del Usuario Web Numero 208','Aqui va la direccion del Usuario Web  Numero 208','5555521208',0),('usuario_web209@gmail.com','usuarioweb209','Nombre Del Usuario Web Numero 209','Aqui va la direccion del Usuario Web  Numero 209','5555521209',0),('usuario_web20@gmail.com','usuarioweb20','Nombre Del Usuario Web Numero 20','Aqui va la direccion del Usuario Web  Numero 20','5555521020',0),('usuario_web210@gmail.com','usuarioweb210','Nombre Del Usuario Web Numero 210','Aqui va la direccion del Usuario Web  Numero 210','5555521210',0),('usuario_web211@gmail.com','usuarioweb211','Nombre Del Usuario Web Numero 211','Aqui va la direccion del Usuario Web  Numero 211','5555521211',0),('usuario_web212@gmail.com','usuarioweb212','Nombre Del Usuario Web Numero 212','Aqui va la direccion del Usuario Web  Numero 212','5555521212',0),('usuario_web213@gmail.com','usuarioweb213','Nombre Del Usuario Web Numero 213','Aqui va la direccion del Usuario Web  Numero 213','5555521213',0),('usuario_web214@gmail.com','usuarioweb214','Nombre Del Usuario Web Numero 214','Aqui va la direccion del Usuario Web  Numero 214','5555521214',0),('usuario_web215@gmail.com','usuarioweb215','Nombre Del Usuario Web Numero 215','Aqui va la direccion del Usuario Web  Numero 215','5555521215',0),('usuario_web216@gmail.com','usuarioweb216','Nombre Del Usuario Web Numero 216','Aqui va la direccion del Usuario Web  Numero 216','5555521216',0),('usuario_web217@gmail.com','usuarioweb217','Nombre Del Usuario Web Numero 217','Aqui va la direccion del Usuario Web  Numero 217','5555521217',0),('usuario_web218@gmail.com','usuarioweb218','Nombre Del Usuario Web Numero 218','Aqui va la direccion del Usuario Web  Numero 218','5555521218',0),('usuario_web219@gmail.com','usuarioweb219','Nombre Del Usuario Web Numero 219','Aqui va la direccion del Usuario Web  Numero 219','5555521219',0),('usuario_web21@gmail.com','usuarioweb21','Nombre Del Usuario Web Numero 21','Aqui va la direccion del Usuario Web  Numero 21','5555521021',0),('usuario_web220@gmail.com','usuarioweb220','Nombre Del Usuario Web Numero 220','Aqui va la direccion del Usuario Web  Numero 220','5555521220',0),('usuario_web221@gmail.com','usuarioweb221','Nombre Del Usuario Web Numero 221','Aqui va la direccion del Usuario Web  Numero 221','5555521221',0),('usuario_web222@gmail.com','usuarioweb222','Nombre Del Usuario Web Numero 222','Aqui va la direccion del Usuario Web  Numero 222','5555521222',0),('usuario_web223@gmail.com','usuarioweb223','Nombre Del Usuario Web Numero 223','Aqui va la direccion del Usuario Web  Numero 223','5555521223',0),('usuario_web224@gmail.com','usuarioweb224','Nombre Del Usuario Web Numero 224','Aqui va la direccion del Usuario Web  Numero 224','5555521224',0),('usuario_web225@gmail.com','usuarioweb225','Nombre Del Usuario Web Numero 225','Aqui va la direccion del Usuario Web  Numero 225','5555521225',0),('usuario_web226@gmail.com','usuarioweb226','Nombre Del Usuario Web Numero 226','Aqui va la direccion del Usuario Web  Numero 226','5555521226',0),('usuario_web227@gmail.com','usuarioweb227','Nombre Del Usuario Web Numero 227','Aqui va la direccion del Usuario Web  Numero 227','5555521227',0),('usuario_web228@gmail.com','usuarioweb228','Nombre Del Usuario Web Numero 228','Aqui va la direccion del Usuario Web  Numero 228','5555521228',0),('usuario_web229@gmail.com','usuarioweb229','Nombre Del Usuario Web Numero 229','Aqui va la direccion del Usuario Web  Numero 229','5555521229',0),('usuario_web22@gmail.com','usuarioweb22','Nombre Del Usuario Web Numero 22','Aqui va la direccion del Usuario Web  Numero 22','5555521022',0),('usuario_web230@gmail.com','usuarioweb230','Nombre Del Usuario Web Numero 230','Aqui va la direccion del Usuario Web  Numero 230','5555521230',0),('usuario_web231@gmail.com','usuarioweb231','Nombre Del Usuario Web Numero 231','Aqui va la direccion del Usuario Web  Numero 231','5555521231',0),('usuario_web232@gmail.com','usuarioweb232','Nombre Del Usuario Web Numero 232','Aqui va la direccion del Usuario Web  Numero 232','5555521232',0),('usuario_web233@gmail.com','usuarioweb233','Nombre Del Usuario Web Numero 233','Aqui va la direccion del Usuario Web  Numero 233','5555521233',0),('usuario_web234@gmail.com','usuarioweb234','Nombre Del Usuario Web Numero 234','Aqui va la direccion del Usuario Web  Numero 234','5555521234',0),('usuario_web235@gmail.com','usuarioweb235','Nombre Del Usuario Web Numero 235','Aqui va la direccion del Usuario Web  Numero 235','5555521235',0),('usuario_web236@gmail.com','usuarioweb236','Nombre Del Usuario Web Numero 236','Aqui va la direccion del Usuario Web  Numero 236','5555521236',0),('usuario_web237@gmail.com','usuarioweb237','Nombre Del Usuario Web Numero 237','Aqui va la direccion del Usuario Web  Numero 237','5555521237',0),('usuario_web238@gmail.com','usuarioweb238','Nombre Del Usuario Web Numero 238','Aqui va la direccion del Usuario Web  Numero 238','5555521238',0),('usuario_web239@gmail.com','usuarioweb239','Nombre Del Usuario Web Numero 239','Aqui va la direccion del Usuario Web  Numero 239','5555521239',0),('usuario_web23@gmail.com','usuarioweb23','Nombre Del Usuario Web Numero 23','Aqui va la direccion del Usuario Web  Numero 23','5555521023',0),('usuario_web240@gmail.com','usuarioweb240','Nombre Del Usuario Web Numero 240','Aqui va la direccion del Usuario Web  Numero 240','5555521240',0),('usuario_web241@gmail.com','usuarioweb241','Nombre Del Usuario Web Numero 241','Aqui va la direccion del Usuario Web  Numero 241','5555521241',0),('usuario_web242@gmail.com','usuarioweb242','Nombre Del Usuario Web Numero 242','Aqui va la direccion del Usuario Web  Numero 242','5555521242',0),('usuario_web243@gmail.com','usuarioweb243','Nombre Del Usuario Web Numero 243','Aqui va la direccion del Usuario Web  Numero 243','5555521243',0),('usuario_web244@gmail.com','usuarioweb244','Nombre Del Usuario Web Numero 244','Aqui va la direccion del Usuario Web  Numero 244','5555521244',0),('usuario_web245@gmail.com','usuarioweb245','Nombre Del Usuario Web Numero 245','Aqui va la direccion del Usuario Web  Numero 245','5555521245',0),('usuario_web246@gmail.com','usuarioweb246','Nombre Del Usuario Web Numero 246','Aqui va la direccion del Usuario Web  Numero 246','5555521246',0),('usuario_web247@gmail.com','usuarioweb247','Nombre Del Usuario Web Numero 247','Aqui va la direccion del Usuario Web  Numero 247','5555521247',0),('usuario_web248@gmail.com','usuarioweb248','Nombre Del Usuario Web Numero 248','Aqui va la direccion del Usuario Web  Numero 248','5555521248',0),('usuario_web249@gmail.com','usuarioweb249','Nombre Del Usuario Web Numero 249','Aqui va la direccion del Usuario Web  Numero 249','5555521249',0),('usuario_web24@gmail.com','usuarioweb24','Nombre Del Usuario Web Numero 24','Aqui va la direccion del Usuario Web  Numero 24','5555521024',0),('usuario_web250@gmail.com','usuarioweb250','Nombre Del Usuario Web Numero 250','Aqui va la direccion del Usuario Web  Numero 250','5555521250',0),('usuario_web251@gmail.com','usuarioweb251','Nombre Del Usuario Web Numero 251','Aqui va la direccion del Usuario Web  Numero 251','5555521251',0),('usuario_web252@gmail.com','usuarioweb252','Nombre Del Usuario Web Numero 252','Aqui va la direccion del Usuario Web  Numero 252','5555521252',0),('usuario_web253@gmail.com','usuarioweb253','Nombre Del Usuario Web Numero 253','Aqui va la direccion del Usuario Web  Numero 253','5555521253',0),('usuario_web254@gmail.com','usuarioweb254','Nombre Del Usuario Web Numero 254','Aqui va la direccion del Usuario Web  Numero 254','5555521254',0),('usuario_web255@gmail.com','usuarioweb255','Nombre Del Usuario Web Numero 255','Aqui va la direccion del Usuario Web  Numero 255','5555521255',0),('usuario_web256@gmail.com','usuarioweb256','Nombre Del Usuario Web Numero 256','Aqui va la direccion del Usuario Web  Numero 256','5555521256',0),('usuario_web257@gmail.com','usuarioweb257','Nombre Del Usuario Web Numero 257','Aqui va la direccion del Usuario Web  Numero 257','5555521257',0),('usuario_web258@gmail.com','usuarioweb258','Nombre Del Usuario Web Numero 258','Aqui va la direccion del Usuario Web  Numero 258','5555521258',0),('usuario_web259@gmail.com','usuarioweb259','Nombre Del Usuario Web Numero 259','Aqui va la direccion del Usuario Web  Numero 259','5555521259',0),('usuario_web25@gmail.com','usuarioweb25','Nombre Del Usuario Web Numero 25','Aqui va la direccion del Usuario Web  Numero 25','5555521025',0),('usuario_web260@gmail.com','usuarioweb260','Nombre Del Usuario Web Numero 260','Aqui va la direccion del Usuario Web  Numero 260','5555521260',0),('usuario_web261@gmail.com','usuarioweb261','Nombre Del Usuario Web Numero 261','Aqui va la direccion del Usuario Web  Numero 261','5555521261',0),('usuario_web262@gmail.com','usuarioweb262','Nombre Del Usuario Web Numero 262','Aqui va la direccion del Usuario Web  Numero 262','5555521262',0),('usuario_web263@gmail.com','usuarioweb263','Nombre Del Usuario Web Numero 263','Aqui va la direccion del Usuario Web  Numero 263','5555521263',0),('usuario_web264@gmail.com','usuarioweb264','Nombre Del Usuario Web Numero 264','Aqui va la direccion del Usuario Web  Numero 264','5555521264',0),('usuario_web265@gmail.com','usuarioweb265','Nombre Del Usuario Web Numero 265','Aqui va la direccion del Usuario Web  Numero 265','5555521265',0),('usuario_web266@gmail.com','usuarioweb266','Nombre Del Usuario Web Numero 266','Aqui va la direccion del Usuario Web  Numero 266','5555521266',0),('usuario_web267@gmail.com','usuarioweb267','Nombre Del Usuario Web Numero 267','Aqui va la direccion del Usuario Web  Numero 267','5555521267',0),('usuario_web268@gmail.com','usuarioweb268','Nombre Del Usuario Web Numero 268','Aqui va la direccion del Usuario Web  Numero 268','5555521268',0),('usuario_web269@gmail.com','usuarioweb269','Nombre Del Usuario Web Numero 269','Aqui va la direccion del Usuario Web  Numero 269','5555521269',0),('usuario_web26@gmail.com','usuarioweb26','Nombre Del Usuario Web Numero 26','Aqui va la direccion del Usuario Web  Numero 26','5555521026',0),('usuario_web270@gmail.com','usuarioweb270','Nombre Del Usuario Web Numero 270','Aqui va la direccion del Usuario Web  Numero 270','5555521270',0),('usuario_web271@gmail.com','usuarioweb271','Nombre Del Usuario Web Numero 271','Aqui va la direccion del Usuario Web  Numero 271','5555521271',0),('usuario_web272@gmail.com','usuarioweb272','Nombre Del Usuario Web Numero 272','Aqui va la direccion del Usuario Web  Numero 272','5555521272',0),('usuario_web273@gmail.com','usuarioweb273','Nombre Del Usuario Web Numero 273','Aqui va la direccion del Usuario Web  Numero 273','5555521273',0),('usuario_web274@gmail.com','usuarioweb274','Nombre Del Usuario Web Numero 274','Aqui va la direccion del Usuario Web  Numero 274','5555521274',0),('usuario_web275@gmail.com','usuarioweb275','Nombre Del Usuario Web Numero 275','Aqui va la direccion del Usuario Web  Numero 275','5555521275',0),('usuario_web276@gmail.com','usuarioweb276','Nombre Del Usuario Web Numero 276','Aqui va la direccion del Usuario Web  Numero 276','5555521276',0),('usuario_web277@gmail.com','usuarioweb277','Nombre Del Usuario Web Numero 277','Aqui va la direccion del Usuario Web  Numero 277','5555521277',0),('usuario_web278@gmail.com','usuarioweb278','Nombre Del Usuario Web Numero 278','Aqui va la direccion del Usuario Web  Numero 278','5555521278',0),('usuario_web279@gmail.com','usuarioweb279','Nombre Del Usuario Web Numero 279','Aqui va la direccion del Usuario Web  Numero 279','5555521279',0),('usuario_web27@gmail.com','usuarioweb27','Nombre Del Usuario Web Numero 27','Aqui va la direccion del Usuario Web  Numero 27','5555521027',0),('usuario_web280@gmail.com','usuarioweb280','Nombre Del Usuario Web Numero 280','Aqui va la direccion del Usuario Web  Numero 280','5555521280',0),('usuario_web281@gmail.com','usuarioweb281','Nombre Del Usuario Web Numero 281','Aqui va la direccion del Usuario Web  Numero 281','5555521281',0),('usuario_web282@gmail.com','usuarioweb282','Nombre Del Usuario Web Numero 282','Aqui va la direccion del Usuario Web  Numero 282','5555521282',0),('usuario_web283@gmail.com','usuarioweb283','Nombre Del Usuario Web Numero 283','Aqui va la direccion del Usuario Web  Numero 283','5555521283',0),('usuario_web284@gmail.com','usuarioweb284','Nombre Del Usuario Web Numero 284','Aqui va la direccion del Usuario Web  Numero 284','5555521284',0),('usuario_web285@gmail.com','usuarioweb285','Nombre Del Usuario Web Numero 285','Aqui va la direccion del Usuario Web  Numero 285','5555521285',0),('usuario_web286@gmail.com','usuarioweb286','Nombre Del Usuario Web Numero 286','Aqui va la direccion del Usuario Web  Numero 286','5555521286',0),('usuario_web287@gmail.com','usuarioweb287','Nombre Del Usuario Web Numero 287','Aqui va la direccion del Usuario Web  Numero 287','5555521287',0),('usuario_web288@gmail.com','usuarioweb288','Nombre Del Usuario Web Numero 288','Aqui va la direccion del Usuario Web  Numero 288','5555521288',0),('usuario_web289@gmail.com','usuarioweb289','Nombre Del Usuario Web Numero 289','Aqui va la direccion del Usuario Web  Numero 289','5555521289',0),('usuario_web28@gmail.com','usuarioweb28','Nombre Del Usuario Web Numero 28','Aqui va la direccion del Usuario Web  Numero 28','5555521028',0),('usuario_web290@gmail.com','usuarioweb290','Nombre Del Usuario Web Numero 290','Aqui va la direccion del Usuario Web  Numero 290','5555521290',0),('usuario_web291@gmail.com','usuarioweb291','Nombre Del Usuario Web Numero 291','Aqui va la direccion del Usuario Web  Numero 291','5555521291',0),('usuario_web292@gmail.com','usuarioweb292','Nombre Del Usuario Web Numero 292','Aqui va la direccion del Usuario Web  Numero 292','5555521292',0),('usuario_web293@gmail.com','usuarioweb293','Nombre Del Usuario Web Numero 293','Aqui va la direccion del Usuario Web  Numero 293','5555521293',0),('usuario_web294@gmail.com','usuarioweb294','Nombre Del Usuario Web Numero 294','Aqui va la direccion del Usuario Web  Numero 294','5555521294',0),('usuario_web295@gmail.com','usuarioweb295','Nombre Del Usuario Web Numero 295','Aqui va la direccion del Usuario Web  Numero 295','5555521295',0),('usuario_web296@gmail.com','usuarioweb296','Nombre Del Usuario Web Numero 296','Aqui va la direccion del Usuario Web  Numero 296','5555521296',0),('usuario_web297@gmail.com','usuarioweb297','Nombre Del Usuario Web Numero 297','Aqui va la direccion del Usuario Web  Numero 297','5555521297',0),('usuario_web298@gmail.com','usuarioweb298','Nombre Del Usuario Web Numero 298','Aqui va la direccion del Usuario Web  Numero 298','5555521298',0),('usuario_web299@gmail.com','usuarioweb299','Nombre Del Usuario Web Numero 299','Aqui va la direccion del Usuario Web  Numero 299','5555521299',0),('usuario_web29@gmail.com','usuarioweb29','Nombre Del Usuario Web Numero 29','Aqui va la direccion del Usuario Web  Numero 29','5555521029',0),('usuario_web2@gmail.com','usuarioweb2','Nombre Del Usuario Web Numero 2','Aqui va la direccion del Usuario Web  Numero 2','5555521002',0),('usuario_web300@gmail.com','usuarioweb300','Nombre Del Usuario Web Numero 300','Aqui va la direccion del Usuario Web  Numero 300','5555521300',0),('usuario_web301@gmail.com','usuarioweb301','Nombre Del Usuario Web Numero 301','Aqui va la direccion del Usuario Web  Numero 301','5555521301',0),('usuario_web302@gmail.com','usuarioweb302','Nombre Del Usuario Web Numero 302','Aqui va la direccion del Usuario Web  Numero 302','5555521302',0),('usuario_web303@gmail.com','usuarioweb303','Nombre Del Usuario Web Numero 303','Aqui va la direccion del Usuario Web  Numero 303','5555521303',0),('usuario_web304@gmail.com','usuarioweb304','Nombre Del Usuario Web Numero 304','Aqui va la direccion del Usuario Web  Numero 304','5555521304',0),('usuario_web305@gmail.com','usuarioweb305','Nombre Del Usuario Web Numero 305','Aqui va la direccion del Usuario Web  Numero 305','5555521305',0),('usuario_web306@gmail.com','usuarioweb306','Nombre Del Usuario Web Numero 306','Aqui va la direccion del Usuario Web  Numero 306','5555521306',0),('usuario_web307@gmail.com','usuarioweb307','Nombre Del Usuario Web Numero 307','Aqui va la direccion del Usuario Web  Numero 307','5555521307',0),('usuario_web308@gmail.com','usuarioweb308','Nombre Del Usuario Web Numero 308','Aqui va la direccion del Usuario Web  Numero 308','5555521308',0),('usuario_web309@gmail.com','usuarioweb309','Nombre Del Usuario Web Numero 309','Aqui va la direccion del Usuario Web  Numero 309','5555521309',0),('usuario_web30@gmail.com','usuarioweb30','Nombre Del Usuario Web Numero 30','Aqui va la direccion del Usuario Web  Numero 30','5555521030',0),('usuario_web310@gmail.com','usuarioweb310','Nombre Del Usuario Web Numero 310','Aqui va la direccion del Usuario Web  Numero 310','5555521310',0),('usuario_web311@gmail.com','usuarioweb311','Nombre Del Usuario Web Numero 311','Aqui va la direccion del Usuario Web  Numero 311','5555521311',0),('usuario_web312@gmail.com','usuarioweb312','Nombre Del Usuario Web Numero 312','Aqui va la direccion del Usuario Web  Numero 312','5555521312',0),('usuario_web313@gmail.com','usuarioweb313','Nombre Del Usuario Web Numero 313','Aqui va la direccion del Usuario Web  Numero 313','5555521313',0),('usuario_web314@gmail.com','usuarioweb314','Nombre Del Usuario Web Numero 314','Aqui va la direccion del Usuario Web  Numero 314','5555521314',0),('usuario_web315@gmail.com','usuarioweb315','Nombre Del Usuario Web Numero 315','Aqui va la direccion del Usuario Web  Numero 315','5555521315',0),('usuario_web316@gmail.com','usuarioweb316','Nombre Del Usuario Web Numero 316','Aqui va la direccion del Usuario Web  Numero 316','5555521316',0),('usuario_web317@gmail.com','usuarioweb317','Nombre Del Usuario Web Numero 317','Aqui va la direccion del Usuario Web  Numero 317','5555521317',0),('usuario_web318@gmail.com','usuarioweb318','Nombre Del Usuario Web Numero 318','Aqui va la direccion del Usuario Web  Numero 318','5555521318',0),('usuario_web319@gmail.com','usuarioweb319','Nombre Del Usuario Web Numero 319','Aqui va la direccion del Usuario Web  Numero 319','5555521319',0),('usuario_web31@gmail.com','usuarioweb31','Nombre Del Usuario Web Numero 31','Aqui va la direccion del Usuario Web  Numero 31','5555521031',0),('usuario_web320@gmail.com','usuarioweb320','Nombre Del Usuario Web Numero 320','Aqui va la direccion del Usuario Web  Numero 320','5555521320',0),('usuario_web321@gmail.com','usuarioweb321','Nombre Del Usuario Web Numero 321','Aqui va la direccion del Usuario Web  Numero 321','5555521321',0),('usuario_web322@gmail.com','usuarioweb322','Nombre Del Usuario Web Numero 322','Aqui va la direccion del Usuario Web  Numero 322','5555521322',0),('usuario_web323@gmail.com','usuarioweb323','Nombre Del Usuario Web Numero 323','Aqui va la direccion del Usuario Web  Numero 323','5555521323',0),('usuario_web324@gmail.com','usuarioweb324','Nombre Del Usuario Web Numero 324','Aqui va la direccion del Usuario Web  Numero 324','5555521324',0),('usuario_web325@gmail.com','usuarioweb325','Nombre Del Usuario Web Numero 325','Aqui va la direccion del Usuario Web  Numero 325','5555521325',0),('usuario_web326@gmail.com','usuarioweb326','Nombre Del Usuario Web Numero 326','Aqui va la direccion del Usuario Web  Numero 326','5555521326',0),('usuario_web327@gmail.com','usuarioweb327','Nombre Del Usuario Web Numero 327','Aqui va la direccion del Usuario Web  Numero 327','5555521327',0),('usuario_web328@gmail.com','usuarioweb328','Nombre Del Usuario Web Numero 328','Aqui va la direccion del Usuario Web  Numero 328','5555521328',0),('usuario_web329@gmail.com','usuarioweb329','Nombre Del Usuario Web Numero 329','Aqui va la direccion del Usuario Web  Numero 329','5555521329',0),('usuario_web32@gmail.com','usuarioweb32','Nombre Del Usuario Web Numero 32','Aqui va la direccion del Usuario Web  Numero 32','5555521032',0),('usuario_web330@gmail.com','usuarioweb330','Nombre Del Usuario Web Numero 330','Aqui va la direccion del Usuario Web  Numero 330','5555521330',0),('usuario_web331@gmail.com','usuarioweb331','Nombre Del Usuario Web Numero 331','Aqui va la direccion del Usuario Web  Numero 331','5555521331',0),('usuario_web332@gmail.com','usuarioweb332','Nombre Del Usuario Web Numero 332','Aqui va la direccion del Usuario Web  Numero 332','5555521332',0),('usuario_web333@gmail.com','usuarioweb333','Nombre Del Usuario Web Numero 333','Aqui va la direccion del Usuario Web  Numero 333','5555521333',0),('usuario_web334@gmail.com','usuarioweb334','Nombre Del Usuario Web Numero 334','Aqui va la direccion del Usuario Web  Numero 334','5555521334',0),('usuario_web335@gmail.com','usuarioweb335','Nombre Del Usuario Web Numero 335','Aqui va la direccion del Usuario Web  Numero 335','5555521335',0),('usuario_web336@gmail.com','usuarioweb336','Nombre Del Usuario Web Numero 336','Aqui va la direccion del Usuario Web  Numero 336','5555521336',0),('usuario_web337@gmail.com','usuarioweb337','Nombre Del Usuario Web Numero 337','Aqui va la direccion del Usuario Web  Numero 337','5555521337',0),('usuario_web338@gmail.com','usuarioweb338','Nombre Del Usuario Web Numero 338','Aqui va la direccion del Usuario Web  Numero 338','5555521338',0),('usuario_web339@gmail.com','usuarioweb339','Nombre Del Usuario Web Numero 339','Aqui va la direccion del Usuario Web  Numero 339','5555521339',0),('usuario_web33@gmail.com','usuarioweb33','Nombre Del Usuario Web Numero 33','Aqui va la direccion del Usuario Web  Numero 33','5555521033',0),('usuario_web340@gmail.com','usuarioweb340','Nombre Del Usuario Web Numero 340','Aqui va la direccion del Usuario Web  Numero 340','5555521340',0),('usuario_web341@gmail.com','usuarioweb341','Nombre Del Usuario Web Numero 341','Aqui va la direccion del Usuario Web  Numero 341','5555521341',0),('usuario_web342@gmail.com','usuarioweb342','Nombre Del Usuario Web Numero 342','Aqui va la direccion del Usuario Web  Numero 342','5555521342',0),('usuario_web343@gmail.com','usuarioweb343','Nombre Del Usuario Web Numero 343','Aqui va la direccion del Usuario Web  Numero 343','5555521343',0),('usuario_web344@gmail.com','usuarioweb344','Nombre Del Usuario Web Numero 344','Aqui va la direccion del Usuario Web  Numero 344','5555521344',0),('usuario_web345@gmail.com','usuarioweb345','Nombre Del Usuario Web Numero 345','Aqui va la direccion del Usuario Web  Numero 345','5555521345',0),('usuario_web346@gmail.com','usuarioweb346','Nombre Del Usuario Web Numero 346','Aqui va la direccion del Usuario Web  Numero 346','5555521346',0),('usuario_web347@gmail.com','usuarioweb347','Nombre Del Usuario Web Numero 347','Aqui va la direccion del Usuario Web  Numero 347','5555521347',0),('usuario_web348@gmail.com','usuarioweb348','Nombre Del Usuario Web Numero 348','Aqui va la direccion del Usuario Web  Numero 348','5555521348',0),('usuario_web349@gmail.com','usuarioweb349','Nombre Del Usuario Web Numero 349','Aqui va la direccion del Usuario Web  Numero 349','5555521349',0),('usuario_web34@gmail.com','usuarioweb34','Nombre Del Usuario Web Numero 34','Aqui va la direccion del Usuario Web  Numero 34','5555521034',0),('usuario_web350@gmail.com','usuarioweb350','Nombre Del Usuario Web Numero 350','Aqui va la direccion del Usuario Web  Numero 350','5555521350',0),('usuario_web351@gmail.com','usuarioweb351','Nombre Del Usuario Web Numero 351','Aqui va la direccion del Usuario Web  Numero 351','5555521351',0),('usuario_web352@gmail.com','usuarioweb352','Nombre Del Usuario Web Numero 352','Aqui va la direccion del Usuario Web  Numero 352','5555521352',0),('usuario_web353@gmail.com','usuarioweb353','Nombre Del Usuario Web Numero 353','Aqui va la direccion del Usuario Web  Numero 353','5555521353',0),('usuario_web354@gmail.com','usuarioweb354','Nombre Del Usuario Web Numero 354','Aqui va la direccion del Usuario Web  Numero 354','5555521354',0),('usuario_web355@gmail.com','usuarioweb355','Nombre Del Usuario Web Numero 355','Aqui va la direccion del Usuario Web  Numero 355','5555521355',0),('usuario_web356@gmail.com','usuarioweb356','Nombre Del Usuario Web Numero 356','Aqui va la direccion del Usuario Web  Numero 356','5555521356',0),('usuario_web357@gmail.com','usuarioweb357','Nombre Del Usuario Web Numero 357','Aqui va la direccion del Usuario Web  Numero 357','5555521357',0),('usuario_web358@gmail.com','usuarioweb358','Nombre Del Usuario Web Numero 358','Aqui va la direccion del Usuario Web  Numero 358','5555521358',0),('usuario_web359@gmail.com','usuarioweb359','Nombre Del Usuario Web Numero 359','Aqui va la direccion del Usuario Web  Numero 359','5555521359',0),('usuario_web35@gmail.com','usuarioweb35','Nombre Del Usuario Web Numero 35','Aqui va la direccion del Usuario Web  Numero 35','5555521035',0),('usuario_web360@gmail.com','usuarioweb360','Nombre Del Usuario Web Numero 360','Aqui va la direccion del Usuario Web  Numero 360','5555521360',0),('usuario_web361@gmail.com','usuarioweb361','Nombre Del Usuario Web Numero 361','Aqui va la direccion del Usuario Web  Numero 361','5555521361',0),('usuario_web362@gmail.com','usuarioweb362','Nombre Del Usuario Web Numero 362','Aqui va la direccion del Usuario Web  Numero 362','5555521362',0),('usuario_web363@gmail.com','usuarioweb363','Nombre Del Usuario Web Numero 363','Aqui va la direccion del Usuario Web  Numero 363','5555521363',0),('usuario_web364@gmail.com','usuarioweb364','Nombre Del Usuario Web Numero 364','Aqui va la direccion del Usuario Web  Numero 364','5555521364',0),('usuario_web365@gmail.com','usuarioweb365','Nombre Del Usuario Web Numero 365','Aqui va la direccion del Usuario Web  Numero 365','5555521365',0),('usuario_web366@gmail.com','usuarioweb366','Nombre Del Usuario Web Numero 366','Aqui va la direccion del Usuario Web  Numero 366','5555521366',0),('usuario_web367@gmail.com','usuarioweb367','Nombre Del Usuario Web Numero 367','Aqui va la direccion del Usuario Web  Numero 367','5555521367',0),('usuario_web368@gmail.com','usuarioweb368','Nombre Del Usuario Web Numero 368','Aqui va la direccion del Usuario Web  Numero 368','5555521368',0),('usuario_web369@gmail.com','usuarioweb369','Nombre Del Usuario Web Numero 369','Aqui va la direccion del Usuario Web  Numero 369','5555521369',0),('usuario_web36@gmail.com','usuarioweb36','Nombre Del Usuario Web Numero 36','Aqui va la direccion del Usuario Web  Numero 36','5555521036',0),('usuario_web370@gmail.com','usuarioweb370','Nombre Del Usuario Web Numero 370','Aqui va la direccion del Usuario Web  Numero 370','5555521370',0),('usuario_web371@gmail.com','usuarioweb371','Nombre Del Usuario Web Numero 371','Aqui va la direccion del Usuario Web  Numero 371','5555521371',0),('usuario_web372@gmail.com','usuarioweb372','Nombre Del Usuario Web Numero 372','Aqui va la direccion del Usuario Web  Numero 372','5555521372',0),('usuario_web373@gmail.com','usuarioweb373','Nombre Del Usuario Web Numero 373','Aqui va la direccion del Usuario Web  Numero 373','5555521373',0),('usuario_web374@gmail.com','usuarioweb374','Nombre Del Usuario Web Numero 374','Aqui va la direccion del Usuario Web  Numero 374','5555521374',0),('usuario_web375@gmail.com','usuarioweb375','Nombre Del Usuario Web Numero 375','Aqui va la direccion del Usuario Web  Numero 375','5555521375',0),('usuario_web376@gmail.com','usuarioweb376','Nombre Del Usuario Web Numero 376','Aqui va la direccion del Usuario Web  Numero 376','5555521376',0),('usuario_web377@gmail.com','usuarioweb377','Nombre Del Usuario Web Numero 377','Aqui va la direccion del Usuario Web  Numero 377','5555521377',0),('usuario_web378@gmail.com','usuarioweb378','Nombre Del Usuario Web Numero 378','Aqui va la direccion del Usuario Web  Numero 378','5555521378',0),('usuario_web379@gmail.com','usuarioweb379','Nombre Del Usuario Web Numero 379','Aqui va la direccion del Usuario Web  Numero 379','5555521379',0),('usuario_web37@gmail.com','usuarioweb37','Nombre Del Usuario Web Numero 37','Aqui va la direccion del Usuario Web  Numero 37','5555521037',0),('usuario_web380@gmail.com','usuarioweb380','Nombre Del Usuario Web Numero 380','Aqui va la direccion del Usuario Web  Numero 380','5555521380',0),('usuario_web381@gmail.com','usuarioweb381','Nombre Del Usuario Web Numero 381','Aqui va la direccion del Usuario Web  Numero 381','5555521381',0),('usuario_web382@gmail.com','usuarioweb382','Nombre Del Usuario Web Numero 382','Aqui va la direccion del Usuario Web  Numero 382','5555521382',0),('usuario_web383@gmail.com','usuarioweb383','Nombre Del Usuario Web Numero 383','Aqui va la direccion del Usuario Web  Numero 383','5555521383',0),('usuario_web384@gmail.com','usuarioweb384','Nombre Del Usuario Web Numero 384','Aqui va la direccion del Usuario Web  Numero 384','5555521384',0),('usuario_web385@gmail.com','usuarioweb385','Nombre Del Usuario Web Numero 385','Aqui va la direccion del Usuario Web  Numero 385','5555521385',0),('usuario_web386@gmail.com','usuarioweb386','Nombre Del Usuario Web Numero 386','Aqui va la direccion del Usuario Web  Numero 386','5555521386',0),('usuario_web387@gmail.com','usuarioweb387','Nombre Del Usuario Web Numero 387','Aqui va la direccion del Usuario Web  Numero 387','5555521387',0),('usuario_web388@gmail.com','usuarioweb388','Nombre Del Usuario Web Numero 388','Aqui va la direccion del Usuario Web  Numero 388','5555521388',0),('usuario_web389@gmail.com','usuarioweb389','Nombre Del Usuario Web Numero 389','Aqui va la direccion del Usuario Web  Numero 389','5555521389',0),('usuario_web38@gmail.com','usuarioweb38','Nombre Del Usuario Web Numero 38','Aqui va la direccion del Usuario Web  Numero 38','5555521038',0),('usuario_web390@gmail.com','usuarioweb390','Nombre Del Usuario Web Numero 390','Aqui va la direccion del Usuario Web  Numero 390','5555521390',0),('usuario_web391@gmail.com','usuarioweb391','Nombre Del Usuario Web Numero 391','Aqui va la direccion del Usuario Web  Numero 391','5555521391',0),('usuario_web392@gmail.com','usuarioweb392','Nombre Del Usuario Web Numero 392','Aqui va la direccion del Usuario Web  Numero 392','5555521392',0),('usuario_web393@gmail.com','usuarioweb393','Nombre Del Usuario Web Numero 393','Aqui va la direccion del Usuario Web  Numero 393','5555521393',0),('usuario_web394@gmail.com','usuarioweb394','Nombre Del Usuario Web Numero 394','Aqui va la direccion del Usuario Web  Numero 394','5555521394',0),('usuario_web395@gmail.com','usuarioweb395','Nombre Del Usuario Web Numero 395','Aqui va la direccion del Usuario Web  Numero 395','5555521395',0),('usuario_web396@gmail.com','usuarioweb396','Nombre Del Usuario Web Numero 396','Aqui va la direccion del Usuario Web  Numero 396','5555521396',0),('usuario_web397@gmail.com','usuarioweb397','Nombre Del Usuario Web Numero 397','Aqui va la direccion del Usuario Web  Numero 397','5555521397',0),('usuario_web398@gmail.com','usuarioweb398','Nombre Del Usuario Web Numero 398','Aqui va la direccion del Usuario Web  Numero 398','5555521398',0),('usuario_web399@gmail.com','usuarioweb399','Nombre Del Usuario Web Numero 399','Aqui va la direccion del Usuario Web  Numero 399','5555521399',0),('usuario_web39@gmail.com','usuarioweb39','Nombre Del Usuario Web Numero 39','Aqui va la direccion del Usuario Web  Numero 39','5555521039',0),('usuario_web3@gmail.com','usuarioweb3','Nombre Del Usuario Web Numero 3','Aqui va la direccion del Usuario Web  Numero 3','5555521003',0),('usuario_web400@gmail.com','usuarioweb400','Nombre Del Usuario Web Numero 400','Aqui va la direccion del Usuario Web  Numero 400','5555521400',0),('usuario_web401@gmail.com','usuarioweb401','Nombre Del Usuario Web Numero 401','Aqui va la direccion del Usuario Web  Numero 401','5555521401',0),('usuario_web402@gmail.com','usuarioweb402','Nombre Del Usuario Web Numero 402','Aqui va la direccion del Usuario Web  Numero 402','5555521402',0),('usuario_web403@gmail.com','usuarioweb403','Nombre Del Usuario Web Numero 403','Aqui va la direccion del Usuario Web  Numero 403','5555521403',0),('usuario_web404@gmail.com','usuarioweb404','Nombre Del Usuario Web Numero 404','Aqui va la direccion del Usuario Web  Numero 404','5555521404',0),('usuario_web405@gmail.com','usuarioweb405','Nombre Del Usuario Web Numero 405','Aqui va la direccion del Usuario Web  Numero 405','5555521405',0),('usuario_web406@gmail.com','usuarioweb406','Nombre Del Usuario Web Numero 406','Aqui va la direccion del Usuario Web  Numero 406','5555521406',0),('usuario_web407@gmail.com','usuarioweb407','Nombre Del Usuario Web Numero 407','Aqui va la direccion del Usuario Web  Numero 407','5555521407',0),('usuario_web408@gmail.com','usuarioweb408','Nombre Del Usuario Web Numero 408','Aqui va la direccion del Usuario Web  Numero 408','5555521408',0),('usuario_web409@gmail.com','usuarioweb409','Nombre Del Usuario Web Numero 409','Aqui va la direccion del Usuario Web  Numero 409','5555521409',0),('usuario_web40@gmail.com','usuarioweb40','Nombre Del Usuario Web Numero 40','Aqui va la direccion del Usuario Web  Numero 40','5555521040',0),('usuario_web410@gmail.com','usuarioweb410','Nombre Del Usuario Web Numero 410','Aqui va la direccion del Usuario Web  Numero 410','5555521410',0),('usuario_web411@gmail.com','usuarioweb411','Nombre Del Usuario Web Numero 411','Aqui va la direccion del Usuario Web  Numero 411','5555521411',0),('usuario_web412@gmail.com','usuarioweb412','Nombre Del Usuario Web Numero 412','Aqui va la direccion del Usuario Web  Numero 412','5555521412',0),('usuario_web413@gmail.com','usuarioweb413','Nombre Del Usuario Web Numero 413','Aqui va la direccion del Usuario Web  Numero 413','5555521413',0),('usuario_web414@gmail.com','usuarioweb414','Nombre Del Usuario Web Numero 414','Aqui va la direccion del Usuario Web  Numero 414','5555521414',0),('usuario_web415@gmail.com','usuarioweb415','Nombre Del Usuario Web Numero 415','Aqui va la direccion del Usuario Web  Numero 415','5555521415',0),('usuario_web416@gmail.com','usuarioweb416','Nombre Del Usuario Web Numero 416','Aqui va la direccion del Usuario Web  Numero 416','5555521416',0),('usuario_web417@gmail.com','usuarioweb417','Nombre Del Usuario Web Numero 417','Aqui va la direccion del Usuario Web  Numero 417','5555521417',0),('usuario_web418@gmail.com','usuarioweb418','Nombre Del Usuario Web Numero 418','Aqui va la direccion del Usuario Web  Numero 418','5555521418',0),('usuario_web419@gmail.com','usuarioweb419','Nombre Del Usuario Web Numero 419','Aqui va la direccion del Usuario Web  Numero 419','5555521419',0),('usuario_web41@gmail.com','usuarioweb41','Nombre Del Usuario Web Numero 41','Aqui va la direccion del Usuario Web  Numero 41','5555521041',0),('usuario_web420@gmail.com','usuarioweb420','Nombre Del Usuario Web Numero 420','Aqui va la direccion del Usuario Web  Numero 420','5555521420',0),('usuario_web421@gmail.com','usuarioweb421','Nombre Del Usuario Web Numero 421','Aqui va la direccion del Usuario Web  Numero 421','5555521421',0),('usuario_web422@gmail.com','usuarioweb422','Nombre Del Usuario Web Numero 422','Aqui va la direccion del Usuario Web  Numero 422','5555521422',0),('usuario_web423@gmail.com','usuarioweb423','Nombre Del Usuario Web Numero 423','Aqui va la direccion del Usuario Web  Numero 423','5555521423',0),('usuario_web424@gmail.com','usuarioweb424','Nombre Del Usuario Web Numero 424','Aqui va la direccion del Usuario Web  Numero 424','5555521424',0),('usuario_web425@gmail.com','usuarioweb425','Nombre Del Usuario Web Numero 425','Aqui va la direccion del Usuario Web  Numero 425','5555521425',0),('usuario_web426@gmail.com','usuarioweb426','Nombre Del Usuario Web Numero 426','Aqui va la direccion del Usuario Web  Numero 426','5555521426',0),('usuario_web427@gmail.com','usuarioweb427','Nombre Del Usuario Web Numero 427','Aqui va la direccion del Usuario Web  Numero 427','5555521427',0),('usuario_web428@gmail.com','usuarioweb428','Nombre Del Usuario Web Numero 428','Aqui va la direccion del Usuario Web  Numero 428','5555521428',0),('usuario_web429@gmail.com','usuarioweb429','Nombre Del Usuario Web Numero 429','Aqui va la direccion del Usuario Web  Numero 429','5555521429',0),('usuario_web42@gmail.com','usuarioweb42','Nombre Del Usuario Web Numero 42','Aqui va la direccion del Usuario Web  Numero 42','5555521042',0),('usuario_web430@gmail.com','usuarioweb430','Nombre Del Usuario Web Numero 430','Aqui va la direccion del Usuario Web  Numero 430','5555521430',0),('usuario_web431@gmail.com','usuarioweb431','Nombre Del Usuario Web Numero 431','Aqui va la direccion del Usuario Web  Numero 431','5555521431',0),('usuario_web432@gmail.com','usuarioweb432','Nombre Del Usuario Web Numero 432','Aqui va la direccion del Usuario Web  Numero 432','5555521432',0),('usuario_web433@gmail.com','usuarioweb433','Nombre Del Usuario Web Numero 433','Aqui va la direccion del Usuario Web  Numero 433','5555521433',0),('usuario_web434@gmail.com','usuarioweb434','Nombre Del Usuario Web Numero 434','Aqui va la direccion del Usuario Web  Numero 434','5555521434',0),('usuario_web435@gmail.com','usuarioweb435','Nombre Del Usuario Web Numero 435','Aqui va la direccion del Usuario Web  Numero 435','5555521435',0),('usuario_web436@gmail.com','usuarioweb436','Nombre Del Usuario Web Numero 436','Aqui va la direccion del Usuario Web  Numero 436','5555521436',0),('usuario_web437@gmail.com','usuarioweb437','Nombre Del Usuario Web Numero 437','Aqui va la direccion del Usuario Web  Numero 437','5555521437',0),('usuario_web438@gmail.com','usuarioweb438','Nombre Del Usuario Web Numero 438','Aqui va la direccion del Usuario Web  Numero 438','5555521438',0),('usuario_web439@gmail.com','usuarioweb439','Nombre Del Usuario Web Numero 439','Aqui va la direccion del Usuario Web  Numero 439','5555521439',0),('usuario_web43@gmail.com','usuarioweb43','Nombre Del Usuario Web Numero 43','Aqui va la direccion del Usuario Web  Numero 43','5555521043',0),('usuario_web440@gmail.com','usuarioweb440','Nombre Del Usuario Web Numero 440','Aqui va la direccion del Usuario Web  Numero 440','5555521440',0),('usuario_web441@gmail.com','usuarioweb441','Nombre Del Usuario Web Numero 441','Aqui va la direccion del Usuario Web  Numero 441','5555521441',0),('usuario_web442@gmail.com','usuarioweb442','Nombre Del Usuario Web Numero 442','Aqui va la direccion del Usuario Web  Numero 442','5555521442',0),('usuario_web443@gmail.com','usuarioweb443','Nombre Del Usuario Web Numero 443','Aqui va la direccion del Usuario Web  Numero 443','5555521443',0),('usuario_web444@gmail.com','usuarioweb444','Nombre Del Usuario Web Numero 444','Aqui va la direccion del Usuario Web  Numero 444','5555521444',0),('usuario_web445@gmail.com','usuarioweb445','Nombre Del Usuario Web Numero 445','Aqui va la direccion del Usuario Web  Numero 445','5555521445',0),('usuario_web446@gmail.com','usuarioweb446','Nombre Del Usuario Web Numero 446','Aqui va la direccion del Usuario Web  Numero 446','5555521446',0),('usuario_web447@gmail.com','usuarioweb447','Nombre Del Usuario Web Numero 447','Aqui va la direccion del Usuario Web  Numero 447','5555521447',0),('usuario_web448@gmail.com','usuarioweb448','Nombre Del Usuario Web Numero 448','Aqui va la direccion del Usuario Web  Numero 448','5555521448',0),('usuario_web449@gmail.com','usuarioweb449','Nombre Del Usuario Web Numero 449','Aqui va la direccion del Usuario Web  Numero 449','5555521449',0),('usuario_web44@gmail.com','usuarioweb44','Nombre Del Usuario Web Numero 44','Aqui va la direccion del Usuario Web  Numero 44','5555521044',0),('usuario_web450@gmail.com','usuarioweb450','Nombre Del Usuario Web Numero 450','Aqui va la direccion del Usuario Web  Numero 450','5555521450',0),('usuario_web451@gmail.com','usuarioweb451','Nombre Del Usuario Web Numero 451','Aqui va la direccion del Usuario Web  Numero 451','5555521451',0),('usuario_web452@gmail.com','usuarioweb452','Nombre Del Usuario Web Numero 452','Aqui va la direccion del Usuario Web  Numero 452','5555521452',0),('usuario_web453@gmail.com','usuarioweb453','Nombre Del Usuario Web Numero 453','Aqui va la direccion del Usuario Web  Numero 453','5555521453',0),('usuario_web454@gmail.com','usuarioweb454','Nombre Del Usuario Web Numero 454','Aqui va la direccion del Usuario Web  Numero 454','5555521454',0),('usuario_web455@gmail.com','usuarioweb455','Nombre Del Usuario Web Numero 455','Aqui va la direccion del Usuario Web  Numero 455','5555521455',0),('usuario_web456@gmail.com','usuarioweb456','Nombre Del Usuario Web Numero 456','Aqui va la direccion del Usuario Web  Numero 456','5555521456',0),('usuario_web457@gmail.com','usuarioweb457','Nombre Del Usuario Web Numero 457','Aqui va la direccion del Usuario Web  Numero 457','5555521457',0),('usuario_web458@gmail.com','usuarioweb458','Nombre Del Usuario Web Numero 458','Aqui va la direccion del Usuario Web  Numero 458','5555521458',0),('usuario_web459@gmail.com','usuarioweb459','Nombre Del Usuario Web Numero 459','Aqui va la direccion del Usuario Web  Numero 459','5555521459',0),('usuario_web45@gmail.com','usuarioweb45','Nombre Del Usuario Web Numero 45','Aqui va la direccion del Usuario Web  Numero 45','5555521045',0),('usuario_web460@gmail.com','usuarioweb460','Nombre Del Usuario Web Numero 460','Aqui va la direccion del Usuario Web  Numero 460','5555521460',0),('usuario_web461@gmail.com','usuarioweb461','Nombre Del Usuario Web Numero 461','Aqui va la direccion del Usuario Web  Numero 461','5555521461',0),('usuario_web462@gmail.com','usuarioweb462','Nombre Del Usuario Web Numero 462','Aqui va la direccion del Usuario Web  Numero 462','5555521462',0),('usuario_web463@gmail.com','usuarioweb463','Nombre Del Usuario Web Numero 463','Aqui va la direccion del Usuario Web  Numero 463','5555521463',0),('usuario_web464@gmail.com','usuarioweb464','Nombre Del Usuario Web Numero 464','Aqui va la direccion del Usuario Web  Numero 464','5555521464',0),('usuario_web465@gmail.com','usuarioweb465','Nombre Del Usuario Web Numero 465','Aqui va la direccion del Usuario Web  Numero 465','5555521465',0),('usuario_web466@gmail.com','usuarioweb466','Nombre Del Usuario Web Numero 466','Aqui va la direccion del Usuario Web  Numero 466','5555521466',0),('usuario_web467@gmail.com','usuarioweb467','Nombre Del Usuario Web Numero 467','Aqui va la direccion del Usuario Web  Numero 467','5555521467',0),('usuario_web468@gmail.com','usuarioweb468','Nombre Del Usuario Web Numero 468','Aqui va la direccion del Usuario Web  Numero 468','5555521468',0),('usuario_web469@gmail.com','usuarioweb469','Nombre Del Usuario Web Numero 469','Aqui va la direccion del Usuario Web  Numero 469','5555521469',0),('usuario_web46@gmail.com','usuarioweb46','Nombre Del Usuario Web Numero 46','Aqui va la direccion del Usuario Web  Numero 46','5555521046',0),('usuario_web470@gmail.com','usuarioweb470','Nombre Del Usuario Web Numero 470','Aqui va la direccion del Usuario Web  Numero 470','5555521470',0),('usuario_web471@gmail.com','usuarioweb471','Nombre Del Usuario Web Numero 471','Aqui va la direccion del Usuario Web  Numero 471','5555521471',0),('usuario_web472@gmail.com','usuarioweb472','Nombre Del Usuario Web Numero 472','Aqui va la direccion del Usuario Web  Numero 472','5555521472',0),('usuario_web473@gmail.com','usuarioweb473','Nombre Del Usuario Web Numero 473','Aqui va la direccion del Usuario Web  Numero 473','5555521473',0),('usuario_web474@gmail.com','usuarioweb474','Nombre Del Usuario Web Numero 474','Aqui va la direccion del Usuario Web  Numero 474','5555521474',0),('usuario_web475@gmail.com','usuarioweb475','Nombre Del Usuario Web Numero 475','Aqui va la direccion del Usuario Web  Numero 475','5555521475',0),('usuario_web476@gmail.com','usuarioweb476','Nombre Del Usuario Web Numero 476','Aqui va la direccion del Usuario Web  Numero 476','5555521476',0),('usuario_web477@gmail.com','usuarioweb477','Nombre Del Usuario Web Numero 477','Aqui va la direccion del Usuario Web  Numero 477','5555521477',0),('usuario_web478@gmail.com','usuarioweb478','Nombre Del Usuario Web Numero 478','Aqui va la direccion del Usuario Web  Numero 478','5555521478',0),('usuario_web479@gmail.com','usuarioweb479','Nombre Del Usuario Web Numero 479','Aqui va la direccion del Usuario Web  Numero 479','5555521479',0),('usuario_web47@gmail.com','usuarioweb47','Nombre Del Usuario Web Numero 47','Aqui va la direccion del Usuario Web  Numero 47','5555521047',0),('usuario_web480@gmail.com','usuarioweb480','Nombre Del Usuario Web Numero 480','Aqui va la direccion del Usuario Web  Numero 480','5555521480',0),('usuario_web481@gmail.com','usuarioweb481','Nombre Del Usuario Web Numero 481','Aqui va la direccion del Usuario Web  Numero 481','5555521481',0),('usuario_web482@gmail.com','usuarioweb482','Nombre Del Usuario Web Numero 482','Aqui va la direccion del Usuario Web  Numero 482','5555521482',0),('usuario_web483@gmail.com','usuarioweb483','Nombre Del Usuario Web Numero 483','Aqui va la direccion del Usuario Web  Numero 483','5555521483',0),('usuario_web484@gmail.com','usuarioweb484','Nombre Del Usuario Web Numero 484','Aqui va la direccion del Usuario Web  Numero 484','5555521484',0),('usuario_web485@gmail.com','usuarioweb485','Nombre Del Usuario Web Numero 485','Aqui va la direccion del Usuario Web  Numero 485','5555521485',0),('usuario_web486@gmail.com','usuarioweb486','Nombre Del Usuario Web Numero 486','Aqui va la direccion del Usuario Web  Numero 486','5555521486',0),('usuario_web487@gmail.com','usuarioweb487','Nombre Del Usuario Web Numero 487','Aqui va la direccion del Usuario Web  Numero 487','5555521487',0),('usuario_web488@gmail.com','usuarioweb488','Nombre Del Usuario Web Numero 488','Aqui va la direccion del Usuario Web  Numero 488','5555521488',0),('usuario_web489@gmail.com','usuarioweb489','Nombre Del Usuario Web Numero 489','Aqui va la direccion del Usuario Web  Numero 489','5555521489',0),('usuario_web48@gmail.com','usuarioweb48','Nombre Del Usuario Web Numero 48','Aqui va la direccion del Usuario Web  Numero 48','5555521048',0),('usuario_web490@gmail.com','usuarioweb490','Nombre Del Usuario Web Numero 490','Aqui va la direccion del Usuario Web  Numero 490','5555521490',0),('usuario_web491@gmail.com','usuarioweb491','Nombre Del Usuario Web Numero 491','Aqui va la direccion del Usuario Web  Numero 491','5555521491',0),('usuario_web492@gmail.com','usuarioweb492','Nombre Del Usuario Web Numero 492','Aqui va la direccion del Usuario Web  Numero 492','5555521492',0),('usuario_web493@gmail.com','usuarioweb493','Nombre Del Usuario Web Numero 493','Aqui va la direccion del Usuario Web  Numero 493','5555521493',0),('usuario_web494@gmail.com','usuarioweb494','Nombre Del Usuario Web Numero 494','Aqui va la direccion del Usuario Web  Numero 494','5555521494',0),('usuario_web495@gmail.com','usuarioweb495','Nombre Del Usuario Web Numero 495','Aqui va la direccion del Usuario Web  Numero 495','5555521495',0),('usuario_web496@gmail.com','usuarioweb496','Nombre Del Usuario Web Numero 496','Aqui va la direccion del Usuario Web  Numero 496','5555521496',0),('usuario_web497@gmail.com','usuarioweb497','Nombre Del Usuario Web Numero 497','Aqui va la direccion del Usuario Web  Numero 497','5555521497',0),('usuario_web498@gmail.com','usuarioweb498','Nombre Del Usuario Web Numero 498','Aqui va la direccion del Usuario Web  Numero 498','5555521498',0),('usuario_web499@gmail.com','usuarioweb499','Nombre Del Usuario Web Numero 499','Aqui va la direccion del Usuario Web  Numero 499','5555521499',0),('usuario_web49@gmail.com','usuarioweb49','Nombre Del Usuario Web Numero 49','Aqui va la direccion del Usuario Web  Numero 49','5555521049',0),('usuario_web4@gmail.com','usuarioweb4','Nombre Del Usuario Web Numero 4','Aqui va la direccion del Usuario Web  Numero 4','5555521004',0),('usuario_web500@gmail.com','usuarioweb500','Nombre Del Usuario Web Numero 500','Aqui va la direccion del Usuario Web  Numero 500','5555521500',0),('usuario_web501@gmail.com','usuarioweb501','Nombre Del Usuario Web Numero 501','Aqui va la direccion del Usuario Web  Numero 501','5555521501',0),('usuario_web502@gmail.com','usuarioweb502','Nombre Del Usuario Web Numero 502','Aqui va la direccion del Usuario Web  Numero 502','5555521502',0),('usuario_web503@gmail.com','usuarioweb503','Nombre Del Usuario Web Numero 503','Aqui va la direccion del Usuario Web  Numero 503','5555521503',0),('usuario_web504@gmail.com','usuarioweb504','Nombre Del Usuario Web Numero 504','Aqui va la direccion del Usuario Web  Numero 504','5555521504',0),('usuario_web505@gmail.com','usuarioweb505','Nombre Del Usuario Web Numero 505','Aqui va la direccion del Usuario Web  Numero 505','5555521505',0),('usuario_web506@gmail.com','usuarioweb506','Nombre Del Usuario Web Numero 506','Aqui va la direccion del Usuario Web  Numero 506','5555521506',0),('usuario_web507@gmail.com','usuarioweb507','Nombre Del Usuario Web Numero 507','Aqui va la direccion del Usuario Web  Numero 507','5555521507',0),('usuario_web508@gmail.com','usuarioweb508','Nombre Del Usuario Web Numero 508','Aqui va la direccion del Usuario Web  Numero 508','5555521508',0),('usuario_web509@gmail.com','usuarioweb509','Nombre Del Usuario Web Numero 509','Aqui va la direccion del Usuario Web  Numero 509','5555521509',0),('usuario_web50@gmail.com','usuarioweb50','Nombre Del Usuario Web Numero 50','Aqui va la direccion del Usuario Web  Numero 50','5555521050',0),('usuario_web510@gmail.com','usuarioweb510','Nombre Del Usuario Web Numero 510','Aqui va la direccion del Usuario Web  Numero 510','5555521510',0),('usuario_web511@gmail.com','usuarioweb511','Nombre Del Usuario Web Numero 511','Aqui va la direccion del Usuario Web  Numero 511','5555521511',0),('usuario_web512@gmail.com','usuarioweb512','Nombre Del Usuario Web Numero 512','Aqui va la direccion del Usuario Web  Numero 512','5555521512',0),('usuario_web513@gmail.com','usuarioweb513','Nombre Del Usuario Web Numero 513','Aqui va la direccion del Usuario Web  Numero 513','5555521513',0),('usuario_web514@gmail.com','usuarioweb514','Nombre Del Usuario Web Numero 514','Aqui va la direccion del Usuario Web  Numero 514','5555521514',0),('usuario_web515@gmail.com','usuarioweb515','Nombre Del Usuario Web Numero 515','Aqui va la direccion del Usuario Web  Numero 515','5555521515',0),('usuario_web516@gmail.com','usuarioweb516','Nombre Del Usuario Web Numero 516','Aqui va la direccion del Usuario Web  Numero 516','5555521516',0),('usuario_web517@gmail.com','usuarioweb517','Nombre Del Usuario Web Numero 517','Aqui va la direccion del Usuario Web  Numero 517','5555521517',0),('usuario_web518@gmail.com','usuarioweb518','Nombre Del Usuario Web Numero 518','Aqui va la direccion del Usuario Web  Numero 518','5555521518',0),('usuario_web519@gmail.com','usuarioweb519','Nombre Del Usuario Web Numero 519','Aqui va la direccion del Usuario Web  Numero 519','5555521519',0),('usuario_web51@gmail.com','usuarioweb51','Nombre Del Usuario Web Numero 51','Aqui va la direccion del Usuario Web  Numero 51','5555521051',0),('usuario_web520@gmail.com','usuarioweb520','Nombre Del Usuario Web Numero 520','Aqui va la direccion del Usuario Web  Numero 520','5555521520',0),('usuario_web521@gmail.com','usuarioweb521','Nombre Del Usuario Web Numero 521','Aqui va la direccion del Usuario Web  Numero 521','5555521521',0),('usuario_web522@gmail.com','usuarioweb522','Nombre Del Usuario Web Numero 522','Aqui va la direccion del Usuario Web  Numero 522','5555521522',0),('usuario_web523@gmail.com','usuarioweb523','Nombre Del Usuario Web Numero 523','Aqui va la direccion del Usuario Web  Numero 523','5555521523',0),('usuario_web524@gmail.com','usuarioweb524','Nombre Del Usuario Web Numero 524','Aqui va la direccion del Usuario Web  Numero 524','5555521524',0),('usuario_web525@gmail.com','usuarioweb525','Nombre Del Usuario Web Numero 525','Aqui va la direccion del Usuario Web  Numero 525','5555521525',0),('usuario_web526@gmail.com','usuarioweb526','Nombre Del Usuario Web Numero 526','Aqui va la direccion del Usuario Web  Numero 526','5555521526',0),('usuario_web527@gmail.com','usuarioweb527','Nombre Del Usuario Web Numero 527','Aqui va la direccion del Usuario Web  Numero 527','5555521527',0),('usuario_web528@gmail.com','usuarioweb528','Nombre Del Usuario Web Numero 528','Aqui va la direccion del Usuario Web  Numero 528','5555521528',0),('usuario_web529@gmail.com','usuarioweb529','Nombre Del Usuario Web Numero 529','Aqui va la direccion del Usuario Web  Numero 529','5555521529',0),('usuario_web52@gmail.com','usuarioweb52','Nombre Del Usuario Web Numero 52','Aqui va la direccion del Usuario Web  Numero 52','5555521052',0),('usuario_web530@gmail.com','usuarioweb530','Nombre Del Usuario Web Numero 530','Aqui va la direccion del Usuario Web  Numero 530','5555521530',0),('usuario_web531@gmail.com','usuarioweb531','Nombre Del Usuario Web Numero 531','Aqui va la direccion del Usuario Web  Numero 531','5555521531',0),('usuario_web532@gmail.com','usuarioweb532','Nombre Del Usuario Web Numero 532','Aqui va la direccion del Usuario Web  Numero 532','5555521532',0),('usuario_web533@gmail.com','usuarioweb533','Nombre Del Usuario Web Numero 533','Aqui va la direccion del Usuario Web  Numero 533','5555521533',0),('usuario_web534@gmail.com','usuarioweb534','Nombre Del Usuario Web Numero 534','Aqui va la direccion del Usuario Web  Numero 534','5555521534',0),('usuario_web535@gmail.com','usuarioweb535','Nombre Del Usuario Web Numero 535','Aqui va la direccion del Usuario Web  Numero 535','5555521535',0),('usuario_web536@gmail.com','usuarioweb536','Nombre Del Usuario Web Numero 536','Aqui va la direccion del Usuario Web  Numero 536','5555521536',0),('usuario_web537@gmail.com','usuarioweb537','Nombre Del Usuario Web Numero 537','Aqui va la direccion del Usuario Web  Numero 537','5555521537',0),('usuario_web538@gmail.com','usuarioweb538','Nombre Del Usuario Web Numero 538','Aqui va la direccion del Usuario Web  Numero 538','5555521538',0),('usuario_web539@gmail.com','usuarioweb539','Nombre Del Usuario Web Numero 539','Aqui va la direccion del Usuario Web  Numero 539','5555521539',0),('usuario_web53@gmail.com','usuarioweb53','Nombre Del Usuario Web Numero 53','Aqui va la direccion del Usuario Web  Numero 53','5555521053',0),('usuario_web540@gmail.com','usuarioweb540','Nombre Del Usuario Web Numero 540','Aqui va la direccion del Usuario Web  Numero 540','5555521540',0),('usuario_web541@gmail.com','usuarioweb541','Nombre Del Usuario Web Numero 541','Aqui va la direccion del Usuario Web  Numero 541','5555521541',0),('usuario_web542@gmail.com','usuarioweb542','Nombre Del Usuario Web Numero 542','Aqui va la direccion del Usuario Web  Numero 542','5555521542',0),('usuario_web543@gmail.com','usuarioweb543','Nombre Del Usuario Web Numero 543','Aqui va la direccion del Usuario Web  Numero 543','5555521543',0),('usuario_web544@gmail.com','usuarioweb544','Nombre Del Usuario Web Numero 544','Aqui va la direccion del Usuario Web  Numero 544','5555521544',0),('usuario_web545@gmail.com','usuarioweb545','Nombre Del Usuario Web Numero 545','Aqui va la direccion del Usuario Web  Numero 545','5555521545',0),('usuario_web546@gmail.com','usuarioweb546','Nombre Del Usuario Web Numero 546','Aqui va la direccion del Usuario Web  Numero 546','5555521546',0),('usuario_web547@gmail.com','usuarioweb547','Nombre Del Usuario Web Numero 547','Aqui va la direccion del Usuario Web  Numero 547','5555521547',0),('usuario_web548@gmail.com','usuarioweb548','Nombre Del Usuario Web Numero 548','Aqui va la direccion del Usuario Web  Numero 548','5555521548',0),('usuario_web549@gmail.com','usuarioweb549','Nombre Del Usuario Web Numero 549','Aqui va la direccion del Usuario Web  Numero 549','5555521549',0),('usuario_web54@gmail.com','usuarioweb54','Nombre Del Usuario Web Numero 54','Aqui va la direccion del Usuario Web  Numero 54','5555521054',0),('usuario_web550@gmail.com','usuarioweb550','Nombre Del Usuario Web Numero 550','Aqui va la direccion del Usuario Web  Numero 550','5555521550',0),('usuario_web551@gmail.com','usuarioweb551','Nombre Del Usuario Web Numero 551','Aqui va la direccion del Usuario Web  Numero 551','5555521551',0),('usuario_web552@gmail.com','usuarioweb552','Nombre Del Usuario Web Numero 552','Aqui va la direccion del Usuario Web  Numero 552','5555521552',0),('usuario_web553@gmail.com','usuarioweb553','Nombre Del Usuario Web Numero 553','Aqui va la direccion del Usuario Web  Numero 553','5555521553',0),('usuario_web554@gmail.com','usuarioweb554','Nombre Del Usuario Web Numero 554','Aqui va la direccion del Usuario Web  Numero 554','5555521554',0),('usuario_web555@gmail.com','usuarioweb555','Nombre Del Usuario Web Numero 555','Aqui va la direccion del Usuario Web  Numero 555','5555521555',0),('usuario_web556@gmail.com','usuarioweb556','Nombre Del Usuario Web Numero 556','Aqui va la direccion del Usuario Web  Numero 556','5555521556',0),('usuario_web557@gmail.com','usuarioweb557','Nombre Del Usuario Web Numero 557','Aqui va la direccion del Usuario Web  Numero 557','5555521557',0),('usuario_web558@gmail.com','usuarioweb558','Nombre Del Usuario Web Numero 558','Aqui va la direccion del Usuario Web  Numero 558','5555521558',0),('usuario_web559@gmail.com','usuarioweb559','Nombre Del Usuario Web Numero 559','Aqui va la direccion del Usuario Web  Numero 559','5555521559',0),('usuario_web55@gmail.com','usuarioweb55','Nombre Del Usuario Web Numero 55','Aqui va la direccion del Usuario Web  Numero 55','5555521055',0),('usuario_web560@gmail.com','usuarioweb560','Nombre Del Usuario Web Numero 560','Aqui va la direccion del Usuario Web  Numero 560','5555521560',0),('usuario_web561@gmail.com','usuarioweb561','Nombre Del Usuario Web Numero 561','Aqui va la direccion del Usuario Web  Numero 561','5555521561',0),('usuario_web562@gmail.com','usuarioweb562','Nombre Del Usuario Web Numero 562','Aqui va la direccion del Usuario Web  Numero 562','5555521562',0),('usuario_web563@gmail.com','usuarioweb563','Nombre Del Usuario Web Numero 563','Aqui va la direccion del Usuario Web  Numero 563','5555521563',0),('usuario_web564@gmail.com','usuarioweb564','Nombre Del Usuario Web Numero 564','Aqui va la direccion del Usuario Web  Numero 564','5555521564',0),('usuario_web565@gmail.com','usuarioweb565','Nombre Del Usuario Web Numero 565','Aqui va la direccion del Usuario Web  Numero 565','5555521565',0),('usuario_web566@gmail.com','usuarioweb566','Nombre Del Usuario Web Numero 566','Aqui va la direccion del Usuario Web  Numero 566','5555521566',0),('usuario_web567@gmail.com','usuarioweb567','Nombre Del Usuario Web Numero 567','Aqui va la direccion del Usuario Web  Numero 567','5555521567',0),('usuario_web568@gmail.com','usuarioweb568','Nombre Del Usuario Web Numero 568','Aqui va la direccion del Usuario Web  Numero 568','5555521568',0),('usuario_web569@gmail.com','usuarioweb569','Nombre Del Usuario Web Numero 569','Aqui va la direccion del Usuario Web  Numero 569','5555521569',0),('usuario_web56@gmail.com','usuarioweb56','Nombre Del Usuario Web Numero 56','Aqui va la direccion del Usuario Web  Numero 56','5555521056',0),('usuario_web570@gmail.com','usuarioweb570','Nombre Del Usuario Web Numero 570','Aqui va la direccion del Usuario Web  Numero 570','5555521570',0),('usuario_web571@gmail.com','usuarioweb571','Nombre Del Usuario Web Numero 571','Aqui va la direccion del Usuario Web  Numero 571','5555521571',0),('usuario_web572@gmail.com','usuarioweb572','Nombre Del Usuario Web Numero 572','Aqui va la direccion del Usuario Web  Numero 572','5555521572',0),('usuario_web573@gmail.com','usuarioweb573','Nombre Del Usuario Web Numero 573','Aqui va la direccion del Usuario Web  Numero 573','5555521573',0),('usuario_web574@gmail.com','usuarioweb574','Nombre Del Usuario Web Numero 574','Aqui va la direccion del Usuario Web  Numero 574','5555521574',0),('usuario_web575@gmail.com','usuarioweb575','Nombre Del Usuario Web Numero 575','Aqui va la direccion del Usuario Web  Numero 575','5555521575',0),('usuario_web576@gmail.com','usuarioweb576','Nombre Del Usuario Web Numero 576','Aqui va la direccion del Usuario Web  Numero 576','5555521576',0),('usuario_web577@gmail.com','usuarioweb577','Nombre Del Usuario Web Numero 577','Aqui va la direccion del Usuario Web  Numero 577','5555521577',0),('usuario_web578@gmail.com','usuarioweb578','Nombre Del Usuario Web Numero 578','Aqui va la direccion del Usuario Web  Numero 578','5555521578',0),('usuario_web579@gmail.com','usuarioweb579','Nombre Del Usuario Web Numero 579','Aqui va la direccion del Usuario Web  Numero 579','5555521579',0),('usuario_web57@gmail.com','usuarioweb57','Nombre Del Usuario Web Numero 57','Aqui va la direccion del Usuario Web  Numero 57','5555521057',0),('usuario_web580@gmail.com','usuarioweb580','Nombre Del Usuario Web Numero 580','Aqui va la direccion del Usuario Web  Numero 580','5555521580',0),('usuario_web581@gmail.com','usuarioweb581','Nombre Del Usuario Web Numero 581','Aqui va la direccion del Usuario Web  Numero 581','5555521581',0),('usuario_web582@gmail.com','usuarioweb582','Nombre Del Usuario Web Numero 582','Aqui va la direccion del Usuario Web  Numero 582','5555521582',0),('usuario_web583@gmail.com','usuarioweb583','Nombre Del Usuario Web Numero 583','Aqui va la direccion del Usuario Web  Numero 583','5555521583',0),('usuario_web584@gmail.com','usuarioweb584','Nombre Del Usuario Web Numero 584','Aqui va la direccion del Usuario Web  Numero 584','5555521584',0),('usuario_web585@gmail.com','usuarioweb585','Nombre Del Usuario Web Numero 585','Aqui va la direccion del Usuario Web  Numero 585','5555521585',0),('usuario_web586@gmail.com','usuarioweb586','Nombre Del Usuario Web Numero 586','Aqui va la direccion del Usuario Web  Numero 586','5555521586',0),('usuario_web587@gmail.com','usuarioweb587','Nombre Del Usuario Web Numero 587','Aqui va la direccion del Usuario Web  Numero 587','5555521587',0),('usuario_web588@gmail.com','usuarioweb588','Nombre Del Usuario Web Numero 588','Aqui va la direccion del Usuario Web  Numero 588','5555521588',0),('usuario_web589@gmail.com','usuarioweb589','Nombre Del Usuario Web Numero 589','Aqui va la direccion del Usuario Web  Numero 589','5555521589',0),('usuario_web58@gmail.com','usuarioweb58','Nombre Del Usuario Web Numero 58','Aqui va la direccion del Usuario Web  Numero 58','5555521058',0),('usuario_web590@gmail.com','usuarioweb590','Nombre Del Usuario Web Numero 590','Aqui va la direccion del Usuario Web  Numero 590','5555521590',0),('usuario_web591@gmail.com','usuarioweb591','Nombre Del Usuario Web Numero 591','Aqui va la direccion del Usuario Web  Numero 591','5555521591',0),('usuario_web592@gmail.com','usuarioweb592','Nombre Del Usuario Web Numero 592','Aqui va la direccion del Usuario Web  Numero 592','5555521592',0),('usuario_web593@gmail.com','usuarioweb593','Nombre Del Usuario Web Numero 593','Aqui va la direccion del Usuario Web  Numero 593','5555521593',0),('usuario_web594@gmail.com','usuarioweb594','Nombre Del Usuario Web Numero 594','Aqui va la direccion del Usuario Web  Numero 594','5555521594',0),('usuario_web595@gmail.com','usuarioweb595','Nombre Del Usuario Web Numero 595','Aqui va la direccion del Usuario Web  Numero 595','5555521595',0),('usuario_web596@gmail.com','usuarioweb596','Nombre Del Usuario Web Numero 596','Aqui va la direccion del Usuario Web  Numero 596','5555521596',0),('usuario_web597@gmail.com','usuarioweb597','Nombre Del Usuario Web Numero 597','Aqui va la direccion del Usuario Web  Numero 597','5555521597',0),('usuario_web598@gmail.com','usuarioweb598','Nombre Del Usuario Web Numero 598','Aqui va la direccion del Usuario Web  Numero 598','5555521598',0),('usuario_web599@gmail.com','usuarioweb599','Nombre Del Usuario Web Numero 599','Aqui va la direccion del Usuario Web  Numero 599','5555521599',0),('usuario_web59@gmail.com','usuarioweb59','Nombre Del Usuario Web Numero 59','Aqui va la direccion del Usuario Web  Numero 59','5555521059',0),('usuario_web5@gmail.com','usuarioweb5','Nombre Del Usuario Web Numero 5','Aqui va la direccion del Usuario Web  Numero 5','5555521005',0),('usuario_web600@gmail.com','usuarioweb600','Nombre Del Usuario Web Numero 600','Aqui va la direccion del Usuario Web  Numero 600','5555521600',0),('usuario_web601@gmail.com','usuarioweb601','Nombre Del Usuario Web Numero 601','Aqui va la direccion del Usuario Web  Numero 601','5555521601',0),('usuario_web602@gmail.com','usuarioweb602','Nombre Del Usuario Web Numero 602','Aqui va la direccion del Usuario Web  Numero 602','5555521602',0),('usuario_web603@gmail.com','usuarioweb603','Nombre Del Usuario Web Numero 603','Aqui va la direccion del Usuario Web  Numero 603','5555521603',0),('usuario_web604@gmail.com','usuarioweb604','Nombre Del Usuario Web Numero 604','Aqui va la direccion del Usuario Web  Numero 604','5555521604',0),('usuario_web605@gmail.com','usuarioweb605','Nombre Del Usuario Web Numero 605','Aqui va la direccion del Usuario Web  Numero 605','5555521605',0),('usuario_web606@gmail.com','usuarioweb606','Nombre Del Usuario Web Numero 606','Aqui va la direccion del Usuario Web  Numero 606','5555521606',0),('usuario_web607@gmail.com','usuarioweb607','Nombre Del Usuario Web Numero 607','Aqui va la direccion del Usuario Web  Numero 607','5555521607',0),('usuario_web608@gmail.com','usuarioweb608','Nombre Del Usuario Web Numero 608','Aqui va la direccion del Usuario Web  Numero 608','5555521608',0),('usuario_web609@gmail.com','usuarioweb609','Nombre Del Usuario Web Numero 609','Aqui va la direccion del Usuario Web  Numero 609','5555521609',0),('usuario_web60@gmail.com','usuarioweb60','Nombre Del Usuario Web Numero 60','Aqui va la direccion del Usuario Web  Numero 60','5555521060',0),('usuario_web610@gmail.com','usuarioweb610','Nombre Del Usuario Web Numero 610','Aqui va la direccion del Usuario Web  Numero 610','5555521610',0),('usuario_web611@gmail.com','usuarioweb611','Nombre Del Usuario Web Numero 611','Aqui va la direccion del Usuario Web  Numero 611','5555521611',0),('usuario_web612@gmail.com','usuarioweb612','Nombre Del Usuario Web Numero 612','Aqui va la direccion del Usuario Web  Numero 612','5555521612',0),('usuario_web613@gmail.com','usuarioweb613','Nombre Del Usuario Web Numero 613','Aqui va la direccion del Usuario Web  Numero 613','5555521613',0),('usuario_web614@gmail.com','usuarioweb614','Nombre Del Usuario Web Numero 614','Aqui va la direccion del Usuario Web  Numero 614','5555521614',0),('usuario_web615@gmail.com','usuarioweb615','Nombre Del Usuario Web Numero 615','Aqui va la direccion del Usuario Web  Numero 615','5555521615',0),('usuario_web616@gmail.com','usuarioweb616','Nombre Del Usuario Web Numero 616','Aqui va la direccion del Usuario Web  Numero 616','5555521616',0),('usuario_web617@gmail.com','usuarioweb617','Nombre Del Usuario Web Numero 617','Aqui va la direccion del Usuario Web  Numero 617','5555521617',0),('usuario_web618@gmail.com','usuarioweb618','Nombre Del Usuario Web Numero 618','Aqui va la direccion del Usuario Web  Numero 618','5555521618',0),('usuario_web619@gmail.com','usuarioweb619','Nombre Del Usuario Web Numero 619','Aqui va la direccion del Usuario Web  Numero 619','5555521619',0),('usuario_web61@gmail.com','usuarioweb61','Nombre Del Usuario Web Numero 61','Aqui va la direccion del Usuario Web  Numero 61','5555521061',0),('usuario_web620@gmail.com','usuarioweb620','Nombre Del Usuario Web Numero 620','Aqui va la direccion del Usuario Web  Numero 620','5555521620',0),('usuario_web621@gmail.com','usuarioweb621','Nombre Del Usuario Web Numero 621','Aqui va la direccion del Usuario Web  Numero 621','5555521621',0),('usuario_web622@gmail.com','usuarioweb622','Nombre Del Usuario Web Numero 622','Aqui va la direccion del Usuario Web  Numero 622','5555521622',0),('usuario_web623@gmail.com','usuarioweb623','Nombre Del Usuario Web Numero 623','Aqui va la direccion del Usuario Web  Numero 623','5555521623',0),('usuario_web624@gmail.com','usuarioweb624','Nombre Del Usuario Web Numero 624','Aqui va la direccion del Usuario Web  Numero 624','5555521624',0),('usuario_web625@gmail.com','usuarioweb625','Nombre Del Usuario Web Numero 625','Aqui va la direccion del Usuario Web  Numero 625','5555521625',0),('usuario_web626@gmail.com','usuarioweb626','Nombre Del Usuario Web Numero 626','Aqui va la direccion del Usuario Web  Numero 626','5555521626',0),('usuario_web627@gmail.com','usuarioweb627','Nombre Del Usuario Web Numero 627','Aqui va la direccion del Usuario Web  Numero 627','5555521627',0),('usuario_web628@gmail.com','usuarioweb628','Nombre Del Usuario Web Numero 628','Aqui va la direccion del Usuario Web  Numero 628','5555521628',0),('usuario_web629@gmail.com','usuarioweb629','Nombre Del Usuario Web Numero 629','Aqui va la direccion del Usuario Web  Numero 629','5555521629',0),('usuario_web62@gmail.com','usuarioweb62','Nombre Del Usuario Web Numero 62','Aqui va la direccion del Usuario Web  Numero 62','5555521062',0),('usuario_web630@gmail.com','usuarioweb630','Nombre Del Usuario Web Numero 630','Aqui va la direccion del Usuario Web  Numero 630','5555521630',0),('usuario_web631@gmail.com','usuarioweb631','Nombre Del Usuario Web Numero 631','Aqui va la direccion del Usuario Web  Numero 631','5555521631',0),('usuario_web632@gmail.com','usuarioweb632','Nombre Del Usuario Web Numero 632','Aqui va la direccion del Usuario Web  Numero 632','5555521632',0),('usuario_web633@gmail.com','usuarioweb633','Nombre Del Usuario Web Numero 633','Aqui va la direccion del Usuario Web  Numero 633','5555521633',0),('usuario_web634@gmail.com','usuarioweb634','Nombre Del Usuario Web Numero 634','Aqui va la direccion del Usuario Web  Numero 634','5555521634',0),('usuario_web635@gmail.com','usuarioweb635','Nombre Del Usuario Web Numero 635','Aqui va la direccion del Usuario Web  Numero 635','5555521635',0),('usuario_web636@gmail.com','usuarioweb636','Nombre Del Usuario Web Numero 636','Aqui va la direccion del Usuario Web  Numero 636','5555521636',0),('usuario_web637@gmail.com','usuarioweb637','Nombre Del Usuario Web Numero 637','Aqui va la direccion del Usuario Web  Numero 637','5555521637',0),('usuario_web638@gmail.com','usuarioweb638','Nombre Del Usuario Web Numero 638','Aqui va la direccion del Usuario Web  Numero 638','5555521638',0),('usuario_web639@gmail.com','usuarioweb639','Nombre Del Usuario Web Numero 639','Aqui va la direccion del Usuario Web  Numero 639','5555521639',0),('usuario_web63@gmail.com','usuarioweb63','Nombre Del Usuario Web Numero 63','Aqui va la direccion del Usuario Web  Numero 63','5555521063',0),('usuario_web640@gmail.com','usuarioweb640','Nombre Del Usuario Web Numero 640','Aqui va la direccion del Usuario Web  Numero 640','5555521640',0),('usuario_web641@gmail.com','usuarioweb641','Nombre Del Usuario Web Numero 641','Aqui va la direccion del Usuario Web  Numero 641','5555521641',0),('usuario_web642@gmail.com','usuarioweb642','Nombre Del Usuario Web Numero 642','Aqui va la direccion del Usuario Web  Numero 642','5555521642',0),('usuario_web643@gmail.com','usuarioweb643','Nombre Del Usuario Web Numero 643','Aqui va la direccion del Usuario Web  Numero 643','5555521643',0),('usuario_web644@gmail.com','usuarioweb644','Nombre Del Usuario Web Numero 644','Aqui va la direccion del Usuario Web  Numero 644','5555521644',0),('usuario_web645@gmail.com','usuarioweb645','Nombre Del Usuario Web Numero 645','Aqui va la direccion del Usuario Web  Numero 645','5555521645',0),('usuario_web646@gmail.com','usuarioweb646','Nombre Del Usuario Web Numero 646','Aqui va la direccion del Usuario Web  Numero 646','5555521646',0),('usuario_web647@gmail.com','usuarioweb647','Nombre Del Usuario Web Numero 647','Aqui va la direccion del Usuario Web  Numero 647','5555521647',0),('usuario_web648@gmail.com','usuarioweb648','Nombre Del Usuario Web Numero 648','Aqui va la direccion del Usuario Web  Numero 648','5555521648',0),('usuario_web649@gmail.com','usuarioweb649','Nombre Del Usuario Web Numero 649','Aqui va la direccion del Usuario Web  Numero 649','5555521649',0),('usuario_web64@gmail.com','usuarioweb64','Nombre Del Usuario Web Numero 64','Aqui va la direccion del Usuario Web  Numero 64','5555521064',0),('usuario_web650@gmail.com','usuarioweb650','Nombre Del Usuario Web Numero 650','Aqui va la direccion del Usuario Web  Numero 650','5555521650',0),('usuario_web651@gmail.com','usuarioweb651','Nombre Del Usuario Web Numero 651','Aqui va la direccion del Usuario Web  Numero 651','5555521651',0),('usuario_web652@gmail.com','usuarioweb652','Nombre Del Usuario Web Numero 652','Aqui va la direccion del Usuario Web  Numero 652','5555521652',0),('usuario_web653@gmail.com','usuarioweb653','Nombre Del Usuario Web Numero 653','Aqui va la direccion del Usuario Web  Numero 653','5555521653',0),('usuario_web654@gmail.com','usuarioweb654','Nombre Del Usuario Web Numero 654','Aqui va la direccion del Usuario Web  Numero 654','5555521654',0),('usuario_web655@gmail.com','usuarioweb655','Nombre Del Usuario Web Numero 655','Aqui va la direccion del Usuario Web  Numero 655','5555521655',0),('usuario_web656@gmail.com','usuarioweb656','Nombre Del Usuario Web Numero 656','Aqui va la direccion del Usuario Web  Numero 656','5555521656',0),('usuario_web657@gmail.com','usuarioweb657','Nombre Del Usuario Web Numero 657','Aqui va la direccion del Usuario Web  Numero 657','5555521657',0),('usuario_web658@gmail.com','usuarioweb658','Nombre Del Usuario Web Numero 658','Aqui va la direccion del Usuario Web  Numero 658','5555521658',0),('usuario_web659@gmail.com','usuarioweb659','Nombre Del Usuario Web Numero 659','Aqui va la direccion del Usuario Web  Numero 659','5555521659',0),('usuario_web65@gmail.com','usuarioweb65','Nombre Del Usuario Web Numero 65','Aqui va la direccion del Usuario Web  Numero 65','5555521065',0),('usuario_web660@gmail.com','usuarioweb660','Nombre Del Usuario Web Numero 660','Aqui va la direccion del Usuario Web  Numero 660','5555521660',0),('usuario_web661@gmail.com','usuarioweb661','Nombre Del Usuario Web Numero 661','Aqui va la direccion del Usuario Web  Numero 661','5555521661',0),('usuario_web662@gmail.com','usuarioweb662','Nombre Del Usuario Web Numero 662','Aqui va la direccion del Usuario Web  Numero 662','5555521662',0),('usuario_web663@gmail.com','usuarioweb663','Nombre Del Usuario Web Numero 663','Aqui va la direccion del Usuario Web  Numero 663','5555521663',0),('usuario_web664@gmail.com','usuarioweb664','Nombre Del Usuario Web Numero 664','Aqui va la direccion del Usuario Web  Numero 664','5555521664',0),('usuario_web665@gmail.com','usuarioweb665','Nombre Del Usuario Web Numero 665','Aqui va la direccion del Usuario Web  Numero 665','5555521665',0),('usuario_web666@gmail.com','usuarioweb666','Nombre Del Usuario Web Numero 666','Aqui va la direccion del Usuario Web  Numero 666','5555521666',0),('usuario_web667@gmail.com','usuarioweb667','Nombre Del Usuario Web Numero 667','Aqui va la direccion del Usuario Web  Numero 667','5555521667',0),('usuario_web668@gmail.com','usuarioweb668','Nombre Del Usuario Web Numero 668','Aqui va la direccion del Usuario Web  Numero 668','5555521668',0),('usuario_web669@gmail.com','usuarioweb669','Nombre Del Usuario Web Numero 669','Aqui va la direccion del Usuario Web  Numero 669','5555521669',0),('usuario_web66@gmail.com','usuarioweb66','Nombre Del Usuario Web Numero 66','Aqui va la direccion del Usuario Web  Numero 66','5555521066',0),('usuario_web670@gmail.com','usuarioweb670','Nombre Del Usuario Web Numero 670','Aqui va la direccion del Usuario Web  Numero 670','5555521670',0),('usuario_web671@gmail.com','usuarioweb671','Nombre Del Usuario Web Numero 671','Aqui va la direccion del Usuario Web  Numero 671','5555521671',0),('usuario_web672@gmail.com','usuarioweb672','Nombre Del Usuario Web Numero 672','Aqui va la direccion del Usuario Web  Numero 672','5555521672',0),('usuario_web673@gmail.com','usuarioweb673','Nombre Del Usuario Web Numero 673','Aqui va la direccion del Usuario Web  Numero 673','5555521673',0),('usuario_web674@gmail.com','usuarioweb674','Nombre Del Usuario Web Numero 674','Aqui va la direccion del Usuario Web  Numero 674','5555521674',0),('usuario_web675@gmail.com','usuarioweb675','Nombre Del Usuario Web Numero 675','Aqui va la direccion del Usuario Web  Numero 675','5555521675',0),('usuario_web676@gmail.com','usuarioweb676','Nombre Del Usuario Web Numero 676','Aqui va la direccion del Usuario Web  Numero 676','5555521676',0),('usuario_web677@gmail.com','usuarioweb677','Nombre Del Usuario Web Numero 677','Aqui va la direccion del Usuario Web  Numero 677','5555521677',0),('usuario_web678@gmail.com','usuarioweb678','Nombre Del Usuario Web Numero 678','Aqui va la direccion del Usuario Web  Numero 678','5555521678',0),('usuario_web679@gmail.com','usuarioweb679','Nombre Del Usuario Web Numero 679','Aqui va la direccion del Usuario Web  Numero 679','5555521679',0),('usuario_web67@gmail.com','usuarioweb67','Nombre Del Usuario Web Numero 67','Aqui va la direccion del Usuario Web  Numero 67','5555521067',0),('usuario_web680@gmail.com','usuarioweb680','Nombre Del Usuario Web Numero 680','Aqui va la direccion del Usuario Web  Numero 680','5555521680',0),('usuario_web681@gmail.com','usuarioweb681','Nombre Del Usuario Web Numero 681','Aqui va la direccion del Usuario Web  Numero 681','5555521681',0),('usuario_web682@gmail.com','usuarioweb682','Nombre Del Usuario Web Numero 682','Aqui va la direccion del Usuario Web  Numero 682','5555521682',0),('usuario_web683@gmail.com','usuarioweb683','Nombre Del Usuario Web Numero 683','Aqui va la direccion del Usuario Web  Numero 683','5555521683',0),('usuario_web684@gmail.com','usuarioweb684','Nombre Del Usuario Web Numero 684','Aqui va la direccion del Usuario Web  Numero 684','5555521684',0),('usuario_web685@gmail.com','usuarioweb685','Nombre Del Usuario Web Numero 685','Aqui va la direccion del Usuario Web  Numero 685','5555521685',0),('usuario_web686@gmail.com','usuarioweb686','Nombre Del Usuario Web Numero 686','Aqui va la direccion del Usuario Web  Numero 686','5555521686',0),('usuario_web687@gmail.com','usuarioweb687','Nombre Del Usuario Web Numero 687','Aqui va la direccion del Usuario Web  Numero 687','5555521687',0),('usuario_web688@gmail.com','usuarioweb688','Nombre Del Usuario Web Numero 688','Aqui va la direccion del Usuario Web  Numero 688','5555521688',0),('usuario_web689@gmail.com','usuarioweb689','Nombre Del Usuario Web Numero 689','Aqui va la direccion del Usuario Web  Numero 689','5555521689',0),('usuario_web68@gmail.com','usuarioweb68','Nombre Del Usuario Web Numero 68','Aqui va la direccion del Usuario Web  Numero 68','5555521068',0),('usuario_web690@gmail.com','usuarioweb690','Nombre Del Usuario Web Numero 690','Aqui va la direccion del Usuario Web  Numero 690','5555521690',0),('usuario_web691@gmail.com','usuarioweb691','Nombre Del Usuario Web Numero 691','Aqui va la direccion del Usuario Web  Numero 691','5555521691',0),('usuario_web692@gmail.com','usuarioweb692','Nombre Del Usuario Web Numero 692','Aqui va la direccion del Usuario Web  Numero 692','5555521692',0),('usuario_web693@gmail.com','usuarioweb693','Nombre Del Usuario Web Numero 693','Aqui va la direccion del Usuario Web  Numero 693','5555521693',0),('usuario_web694@gmail.com','usuarioweb694','Nombre Del Usuario Web Numero 694','Aqui va la direccion del Usuario Web  Numero 694','5555521694',0),('usuario_web695@gmail.com','usuarioweb695','Nombre Del Usuario Web Numero 695','Aqui va la direccion del Usuario Web  Numero 695','5555521695',0),('usuario_web696@gmail.com','usuarioweb696','Nombre Del Usuario Web Numero 696','Aqui va la direccion del Usuario Web  Numero 696','5555521696',0),('usuario_web697@gmail.com','usuarioweb697','Nombre Del Usuario Web Numero 697','Aqui va la direccion del Usuario Web  Numero 697','5555521697',0),('usuario_web698@gmail.com','usuarioweb698','Nombre Del Usuario Web Numero 698','Aqui va la direccion del Usuario Web  Numero 698','5555521698',0),('usuario_web699@gmail.com','usuarioweb699','Nombre Del Usuario Web Numero 699','Aqui va la direccion del Usuario Web  Numero 699','5555521699',0),('usuario_web69@gmail.com','usuarioweb69','Nombre Del Usuario Web Numero 69','Aqui va la direccion del Usuario Web  Numero 69','5555521069',0),('usuario_web6@gmail.com','usuarioweb6','Nombre Del Usuario Web Numero 6','Aqui va la direccion del Usuario Web  Numero 6','5555521006',0),('usuario_web700@gmail.com','usuarioweb700','Nombre Del Usuario Web Numero 700','Aqui va la direccion del Usuario Web  Numero 700','5555521700',0),('usuario_web701@gmail.com','usuarioweb701','Nombre Del Usuario Web Numero 701','Aqui va la direccion del Usuario Web  Numero 701','5555521701',0),('usuario_web702@gmail.com','usuarioweb702','Nombre Del Usuario Web Numero 702','Aqui va la direccion del Usuario Web  Numero 702','5555521702',0),('usuario_web703@gmail.com','usuarioweb703','Nombre Del Usuario Web Numero 703','Aqui va la direccion del Usuario Web  Numero 703','5555521703',0),('usuario_web704@gmail.com','usuarioweb704','Nombre Del Usuario Web Numero 704','Aqui va la direccion del Usuario Web  Numero 704','5555521704',0),('usuario_web705@gmail.com','usuarioweb705','Nombre Del Usuario Web Numero 705','Aqui va la direccion del Usuario Web  Numero 705','5555521705',0),('usuario_web706@gmail.com','usuarioweb706','Nombre Del Usuario Web Numero 706','Aqui va la direccion del Usuario Web  Numero 706','5555521706',0),('usuario_web707@gmail.com','usuarioweb707','Nombre Del Usuario Web Numero 707','Aqui va la direccion del Usuario Web  Numero 707','5555521707',0),('usuario_web708@gmail.com','usuarioweb708','Nombre Del Usuario Web Numero 708','Aqui va la direccion del Usuario Web  Numero 708','5555521708',0),('usuario_web709@gmail.com','usuarioweb709','Nombre Del Usuario Web Numero 709','Aqui va la direccion del Usuario Web  Numero 709','5555521709',0),('usuario_web70@gmail.com','usuarioweb70','Nombre Del Usuario Web Numero 70','Aqui va la direccion del Usuario Web  Numero 70','5555521070',0),('usuario_web710@gmail.com','usuarioweb710','Nombre Del Usuario Web Numero 710','Aqui va la direccion del Usuario Web  Numero 710','5555521710',0),('usuario_web711@gmail.com','usuarioweb711','Nombre Del Usuario Web Numero 711','Aqui va la direccion del Usuario Web  Numero 711','5555521711',0),('usuario_web712@gmail.com','usuarioweb712','Nombre Del Usuario Web Numero 712','Aqui va la direccion del Usuario Web  Numero 712','5555521712',0),('usuario_web713@gmail.com','usuarioweb713','Nombre Del Usuario Web Numero 713','Aqui va la direccion del Usuario Web  Numero 713','5555521713',0),('usuario_web714@gmail.com','usuarioweb714','Nombre Del Usuario Web Numero 714','Aqui va la direccion del Usuario Web  Numero 714','5555521714',0),('usuario_web715@gmail.com','usuarioweb715','Nombre Del Usuario Web Numero 715','Aqui va la direccion del Usuario Web  Numero 715','5555521715',0),('usuario_web716@gmail.com','usuarioweb716','Nombre Del Usuario Web Numero 716','Aqui va la direccion del Usuario Web  Numero 716','5555521716',0),('usuario_web717@gmail.com','usuarioweb717','Nombre Del Usuario Web Numero 717','Aqui va la direccion del Usuario Web  Numero 717','5555521717',0),('usuario_web718@gmail.com','usuarioweb718','Nombre Del Usuario Web Numero 718','Aqui va la direccion del Usuario Web  Numero 718','5555521718',0),('usuario_web719@gmail.com','usuarioweb719','Nombre Del Usuario Web Numero 719','Aqui va la direccion del Usuario Web  Numero 719','5555521719',0),('usuario_web71@gmail.com','usuarioweb71','Nombre Del Usuario Web Numero 71','Aqui va la direccion del Usuario Web  Numero 71','5555521071',0),('usuario_web720@gmail.com','usuarioweb720','Nombre Del Usuario Web Numero 720','Aqui va la direccion del Usuario Web  Numero 720','5555521720',0),('usuario_web721@gmail.com','usuarioweb721','Nombre Del Usuario Web Numero 721','Aqui va la direccion del Usuario Web  Numero 721','5555521721',0),('usuario_web722@gmail.com','usuarioweb722','Nombre Del Usuario Web Numero 722','Aqui va la direccion del Usuario Web  Numero 722','5555521722',0),('usuario_web723@gmail.com','usuarioweb723','Nombre Del Usuario Web Numero 723','Aqui va la direccion del Usuario Web  Numero 723','5555521723',0),('usuario_web724@gmail.com','usuarioweb724','Nombre Del Usuario Web Numero 724','Aqui va la direccion del Usuario Web  Numero 724','5555521724',0),('usuario_web725@gmail.com','usuarioweb725','Nombre Del Usuario Web Numero 725','Aqui va la direccion del Usuario Web  Numero 725','5555521725',0),('usuario_web726@gmail.com','usuarioweb726','Nombre Del Usuario Web Numero 726','Aqui va la direccion del Usuario Web  Numero 726','5555521726',0),('usuario_web727@gmail.com','usuarioweb727','Nombre Del Usuario Web Numero 727','Aqui va la direccion del Usuario Web  Numero 727','5555521727',0),('usuario_web728@gmail.com','usuarioweb728','Nombre Del Usuario Web Numero 728','Aqui va la direccion del Usuario Web  Numero 728','5555521728',0),('usuario_web729@gmail.com','usuarioweb729','Nombre Del Usuario Web Numero 729','Aqui va la direccion del Usuario Web  Numero 729','5555521729',0),('usuario_web72@gmail.com','usuarioweb72','Nombre Del Usuario Web Numero 72','Aqui va la direccion del Usuario Web  Numero 72','5555521072',0),('usuario_web730@gmail.com','usuarioweb730','Nombre Del Usuario Web Numero 730','Aqui va la direccion del Usuario Web  Numero 730','5555521730',0),('usuario_web731@gmail.com','usuarioweb731','Nombre Del Usuario Web Numero 731','Aqui va la direccion del Usuario Web  Numero 731','5555521731',0),('usuario_web732@gmail.com','usuarioweb732','Nombre Del Usuario Web Numero 732','Aqui va la direccion del Usuario Web  Numero 732','5555521732',0),('usuario_web733@gmail.com','usuarioweb733','Nombre Del Usuario Web Numero 733','Aqui va la direccion del Usuario Web  Numero 733','5555521733',0),('usuario_web734@gmail.com','usuarioweb734','Nombre Del Usuario Web Numero 734','Aqui va la direccion del Usuario Web  Numero 734','5555521734',0),('usuario_web735@gmail.com','usuarioweb735','Nombre Del Usuario Web Numero 735','Aqui va la direccion del Usuario Web  Numero 735','5555521735',0),('usuario_web736@gmail.com','usuarioweb736','Nombre Del Usuario Web Numero 736','Aqui va la direccion del Usuario Web  Numero 736','5555521736',0),('usuario_web737@gmail.com','usuarioweb737','Nombre Del Usuario Web Numero 737','Aqui va la direccion del Usuario Web  Numero 737','5555521737',0),('usuario_web738@gmail.com','usuarioweb738','Nombre Del Usuario Web Numero 738','Aqui va la direccion del Usuario Web  Numero 738','5555521738',0),('usuario_web739@gmail.com','usuarioweb739','Nombre Del Usuario Web Numero 739','Aqui va la direccion del Usuario Web  Numero 739','5555521739',0),('usuario_web73@gmail.com','usuarioweb73','Nombre Del Usuario Web Numero 73','Aqui va la direccion del Usuario Web  Numero 73','5555521073',0),('usuario_web740@gmail.com','usuarioweb740','Nombre Del Usuario Web Numero 740','Aqui va la direccion del Usuario Web  Numero 740','5555521740',0),('usuario_web741@gmail.com','usuarioweb741','Nombre Del Usuario Web Numero 741','Aqui va la direccion del Usuario Web  Numero 741','5555521741',0),('usuario_web742@gmail.com','usuarioweb742','Nombre Del Usuario Web Numero 742','Aqui va la direccion del Usuario Web  Numero 742','5555521742',0),('usuario_web743@gmail.com','usuarioweb743','Nombre Del Usuario Web Numero 743','Aqui va la direccion del Usuario Web  Numero 743','5555521743',0),('usuario_web744@gmail.com','usuarioweb744','Nombre Del Usuario Web Numero 744','Aqui va la direccion del Usuario Web  Numero 744','5555521744',0),('usuario_web745@gmail.com','usuarioweb745','Nombre Del Usuario Web Numero 745','Aqui va la direccion del Usuario Web  Numero 745','5555521745',0),('usuario_web746@gmail.com','usuarioweb746','Nombre Del Usuario Web Numero 746','Aqui va la direccion del Usuario Web  Numero 746','5555521746',0),('usuario_web747@gmail.com','usuarioweb747','Nombre Del Usuario Web Numero 747','Aqui va la direccion del Usuario Web  Numero 747','5555521747',0),('usuario_web748@gmail.com','usuarioweb748','Nombre Del Usuario Web Numero 748','Aqui va la direccion del Usuario Web  Numero 748','5555521748',0),('usuario_web749@gmail.com','usuarioweb749','Nombre Del Usuario Web Numero 749','Aqui va la direccion del Usuario Web  Numero 749','5555521749',0),('usuario_web74@gmail.com','usuarioweb74','Nombre Del Usuario Web Numero 74','Aqui va la direccion del Usuario Web  Numero 74','5555521074',0),('usuario_web750@gmail.com','usuarioweb750','Nombre Del Usuario Web Numero 750','Aqui va la direccion del Usuario Web  Numero 750','5555521750',0),('usuario_web751@gmail.com','usuarioweb751','Nombre Del Usuario Web Numero 751','Aqui va la direccion del Usuario Web  Numero 751','5555521751',0),('usuario_web752@gmail.com','usuarioweb752','Nombre Del Usuario Web Numero 752','Aqui va la direccion del Usuario Web  Numero 752','5555521752',0),('usuario_web753@gmail.com','usuarioweb753','Nombre Del Usuario Web Numero 753','Aqui va la direccion del Usuario Web  Numero 753','5555521753',0),('usuario_web754@gmail.com','usuarioweb754','Nombre Del Usuario Web Numero 754','Aqui va la direccion del Usuario Web  Numero 754','5555521754',0),('usuario_web755@gmail.com','usuarioweb755','Nombre Del Usuario Web Numero 755','Aqui va la direccion del Usuario Web  Numero 755','5555521755',0),('usuario_web756@gmail.com','usuarioweb756','Nombre Del Usuario Web Numero 756','Aqui va la direccion del Usuario Web  Numero 756','5555521756',0),('usuario_web757@gmail.com','usuarioweb757','Nombre Del Usuario Web Numero 757','Aqui va la direccion del Usuario Web  Numero 757','5555521757',0),('usuario_web758@gmail.com','usuarioweb758','Nombre Del Usuario Web Numero 758','Aqui va la direccion del Usuario Web  Numero 758','5555521758',0),('usuario_web759@gmail.com','usuarioweb759','Nombre Del Usuario Web Numero 759','Aqui va la direccion del Usuario Web  Numero 759','5555521759',0),('usuario_web75@gmail.com','usuarioweb75','Nombre Del Usuario Web Numero 75','Aqui va la direccion del Usuario Web  Numero 75','5555521075',0),('usuario_web760@gmail.com','usuarioweb760','Nombre Del Usuario Web Numero 760','Aqui va la direccion del Usuario Web  Numero 760','5555521760',0),('usuario_web761@gmail.com','usuarioweb761','Nombre Del Usuario Web Numero 761','Aqui va la direccion del Usuario Web  Numero 761','5555521761',0),('usuario_web762@gmail.com','usuarioweb762','Nombre Del Usuario Web Numero 762','Aqui va la direccion del Usuario Web  Numero 762','5555521762',0),('usuario_web763@gmail.com','usuarioweb763','Nombre Del Usuario Web Numero 763','Aqui va la direccion del Usuario Web  Numero 763','5555521763',0),('usuario_web764@gmail.com','usuarioweb764','Nombre Del Usuario Web Numero 764','Aqui va la direccion del Usuario Web  Numero 764','5555521764',0),('usuario_web765@gmail.com','usuarioweb765','Nombre Del Usuario Web Numero 765','Aqui va la direccion del Usuario Web  Numero 765','5555521765',0),('usuario_web766@gmail.com','usuarioweb766','Nombre Del Usuario Web Numero 766','Aqui va la direccion del Usuario Web  Numero 766','5555521766',0),('usuario_web767@gmail.com','usuarioweb767','Nombre Del Usuario Web Numero 767','Aqui va la direccion del Usuario Web  Numero 767','5555521767',0),('usuario_web768@gmail.com','usuarioweb768','Nombre Del Usuario Web Numero 768','Aqui va la direccion del Usuario Web  Numero 768','5555521768',0),('usuario_web769@gmail.com','usuarioweb769','Nombre Del Usuario Web Numero 769','Aqui va la direccion del Usuario Web  Numero 769','5555521769',0),('usuario_web76@gmail.com','usuarioweb76','Nombre Del Usuario Web Numero 76','Aqui va la direccion del Usuario Web  Numero 76','5555521076',0),('usuario_web770@gmail.com','usuarioweb770','Nombre Del Usuario Web Numero 770','Aqui va la direccion del Usuario Web  Numero 770','5555521770',0),('usuario_web771@gmail.com','usuarioweb771','Nombre Del Usuario Web Numero 771','Aqui va la direccion del Usuario Web  Numero 771','5555521771',0),('usuario_web772@gmail.com','usuarioweb772','Nombre Del Usuario Web Numero 772','Aqui va la direccion del Usuario Web  Numero 772','5555521772',0),('usuario_web773@gmail.com','usuarioweb773','Nombre Del Usuario Web Numero 773','Aqui va la direccion del Usuario Web  Numero 773','5555521773',0),('usuario_web774@gmail.com','usuarioweb774','Nombre Del Usuario Web Numero 774','Aqui va la direccion del Usuario Web  Numero 774','5555521774',0),('usuario_web775@gmail.com','usuarioweb775','Nombre Del Usuario Web Numero 775','Aqui va la direccion del Usuario Web  Numero 775','5555521775',0),('usuario_web776@gmail.com','usuarioweb776','Nombre Del Usuario Web Numero 776','Aqui va la direccion del Usuario Web  Numero 776','5555521776',0),('usuario_web777@gmail.com','usuarioweb777','Nombre Del Usuario Web Numero 777','Aqui va la direccion del Usuario Web  Numero 777','5555521777',0),('usuario_web778@gmail.com','usuarioweb778','Nombre Del Usuario Web Numero 778','Aqui va la direccion del Usuario Web  Numero 778','5555521778',0),('usuario_web779@gmail.com','usuarioweb779','Nombre Del Usuario Web Numero 779','Aqui va la direccion del Usuario Web  Numero 779','5555521779',0),('usuario_web77@gmail.com','usuarioweb77','Nombre Del Usuario Web Numero 77','Aqui va la direccion del Usuario Web  Numero 77','5555521077',0),('usuario_web780@gmail.com','usuarioweb780','Nombre Del Usuario Web Numero 780','Aqui va la direccion del Usuario Web  Numero 780','5555521780',0),('usuario_web781@gmail.com','usuarioweb781','Nombre Del Usuario Web Numero 781','Aqui va la direccion del Usuario Web  Numero 781','5555521781',0),('usuario_web782@gmail.com','usuarioweb782','Nombre Del Usuario Web Numero 782','Aqui va la direccion del Usuario Web  Numero 782','5555521782',0),('usuario_web783@gmail.com','usuarioweb783','Nombre Del Usuario Web Numero 783','Aqui va la direccion del Usuario Web  Numero 783','5555521783',0),('usuario_web784@gmail.com','usuarioweb784','Nombre Del Usuario Web Numero 784','Aqui va la direccion del Usuario Web  Numero 784','5555521784',0),('usuario_web785@gmail.com','usuarioweb785','Nombre Del Usuario Web Numero 785','Aqui va la direccion del Usuario Web  Numero 785','5555521785',0),('usuario_web786@gmail.com','usuarioweb786','Nombre Del Usuario Web Numero 786','Aqui va la direccion del Usuario Web  Numero 786','5555521786',0),('usuario_web787@gmail.com','usuarioweb787','Nombre Del Usuario Web Numero 787','Aqui va la direccion del Usuario Web  Numero 787','5555521787',0),('usuario_web788@gmail.com','usuarioweb788','Nombre Del Usuario Web Numero 788','Aqui va la direccion del Usuario Web  Numero 788','5555521788',0),('usuario_web789@gmail.com','usuarioweb789','Nombre Del Usuario Web Numero 789','Aqui va la direccion del Usuario Web  Numero 789','5555521789',0),('usuario_web78@gmail.com','usuarioweb78','Nombre Del Usuario Web Numero 78','Aqui va la direccion del Usuario Web  Numero 78','5555521078',0),('usuario_web790@gmail.com','usuarioweb790','Nombre Del Usuario Web Numero 790','Aqui va la direccion del Usuario Web  Numero 790','5555521790',0),('usuario_web791@gmail.com','usuarioweb791','Nombre Del Usuario Web Numero 791','Aqui va la direccion del Usuario Web  Numero 791','5555521791',0),('usuario_web792@gmail.com','usuarioweb792','Nombre Del Usuario Web Numero 792','Aqui va la direccion del Usuario Web  Numero 792','5555521792',0),('usuario_web793@gmail.com','usuarioweb793','Nombre Del Usuario Web Numero 793','Aqui va la direccion del Usuario Web  Numero 793','5555521793',0),('usuario_web794@gmail.com','usuarioweb794','Nombre Del Usuario Web Numero 794','Aqui va la direccion del Usuario Web  Numero 794','5555521794',0),('usuario_web795@gmail.com','usuarioweb795','Nombre Del Usuario Web Numero 795','Aqui va la direccion del Usuario Web  Numero 795','5555521795',0),('usuario_web796@gmail.com','usuarioweb796','Nombre Del Usuario Web Numero 796','Aqui va la direccion del Usuario Web  Numero 796','5555521796',0),('usuario_web797@gmail.com','usuarioweb797','Nombre Del Usuario Web Numero 797','Aqui va la direccion del Usuario Web  Numero 797','5555521797',0),('usuario_web798@gmail.com','usuarioweb798','Nombre Del Usuario Web Numero 798','Aqui va la direccion del Usuario Web  Numero 798','5555521798',0),('usuario_web799@gmail.com','usuarioweb799','Nombre Del Usuario Web Numero 799','Aqui va la direccion del Usuario Web  Numero 799','5555521799',0),('usuario_web79@gmail.com','usuarioweb79','Nombre Del Usuario Web Numero 79','Aqui va la direccion del Usuario Web  Numero 79','5555521079',0),('usuario_web7@gmail.com','usuarioweb7','Nombre Del Usuario Web Numero 7','Aqui va la direccion del Usuario Web  Numero 7','5555521007',0),('usuario_web800@gmail.com','usuarioweb800','Nombre Del Usuario Web Numero 800','Aqui va la direccion del Usuario Web  Numero 800','5555521800',0),('usuario_web801@gmail.com','usuarioweb801','Nombre Del Usuario Web Numero 801','Aqui va la direccion del Usuario Web  Numero 801','5555521801',0),('usuario_web802@gmail.com','usuarioweb802','Nombre Del Usuario Web Numero 802','Aqui va la direccion del Usuario Web  Numero 802','5555521802',0),('usuario_web803@gmail.com','usuarioweb803','Nombre Del Usuario Web Numero 803','Aqui va la direccion del Usuario Web  Numero 803','5555521803',0),('usuario_web804@gmail.com','usuarioweb804','Nombre Del Usuario Web Numero 804','Aqui va la direccion del Usuario Web  Numero 804','5555521804',0),('usuario_web805@gmail.com','usuarioweb805','Nombre Del Usuario Web Numero 805','Aqui va la direccion del Usuario Web  Numero 805','5555521805',0),('usuario_web806@gmail.com','usuarioweb806','Nombre Del Usuario Web Numero 806','Aqui va la direccion del Usuario Web  Numero 806','5555521806',0),('usuario_web807@gmail.com','usuarioweb807','Nombre Del Usuario Web Numero 807','Aqui va la direccion del Usuario Web  Numero 807','5555521807',0),('usuario_web808@gmail.com','usuarioweb808','Nombre Del Usuario Web Numero 808','Aqui va la direccion del Usuario Web  Numero 808','5555521808',0),('usuario_web809@gmail.com','usuarioweb809','Nombre Del Usuario Web Numero 809','Aqui va la direccion del Usuario Web  Numero 809','5555521809',0),('usuario_web80@gmail.com','usuarioweb80','Nombre Del Usuario Web Numero 80','Aqui va la direccion del Usuario Web  Numero 80','5555521080',0),('usuario_web810@gmail.com','usuarioweb810','Nombre Del Usuario Web Numero 810','Aqui va la direccion del Usuario Web  Numero 810','5555521810',0),('usuario_web811@gmail.com','usuarioweb811','Nombre Del Usuario Web Numero 811','Aqui va la direccion del Usuario Web  Numero 811','5555521811',0),('usuario_web812@gmail.com','usuarioweb812','Nombre Del Usuario Web Numero 812','Aqui va la direccion del Usuario Web  Numero 812','5555521812',0),('usuario_web813@gmail.com','usuarioweb813','Nombre Del Usuario Web Numero 813','Aqui va la direccion del Usuario Web  Numero 813','5555521813',0),('usuario_web814@gmail.com','usuarioweb814','Nombre Del Usuario Web Numero 814','Aqui va la direccion del Usuario Web  Numero 814','5555521814',0),('usuario_web815@gmail.com','usuarioweb815','Nombre Del Usuario Web Numero 815','Aqui va la direccion del Usuario Web  Numero 815','5555521815',0),('usuario_web816@gmail.com','usuarioweb816','Nombre Del Usuario Web Numero 816','Aqui va la direccion del Usuario Web  Numero 816','5555521816',0),('usuario_web817@gmail.com','usuarioweb817','Nombre Del Usuario Web Numero 817','Aqui va la direccion del Usuario Web  Numero 817','5555521817',0),('usuario_web818@gmail.com','usuarioweb818','Nombre Del Usuario Web Numero 818','Aqui va la direccion del Usuario Web  Numero 818','5555521818',0),('usuario_web819@gmail.com','usuarioweb819','Nombre Del Usuario Web Numero 819','Aqui va la direccion del Usuario Web  Numero 819','5555521819',0),('usuario_web81@gmail.com','usuarioweb81','Nombre Del Usuario Web Numero 81','Aqui va la direccion del Usuario Web  Numero 81','5555521081',0),('usuario_web820@gmail.com','usuarioweb820','Nombre Del Usuario Web Numero 820','Aqui va la direccion del Usuario Web  Numero 820','5555521820',0),('usuario_web821@gmail.com','usuarioweb821','Nombre Del Usuario Web Numero 821','Aqui va la direccion del Usuario Web  Numero 821','5555521821',0),('usuario_web822@gmail.com','usuarioweb822','Nombre Del Usuario Web Numero 822','Aqui va la direccion del Usuario Web  Numero 822','5555521822',0),('usuario_web823@gmail.com','usuarioweb823','Nombre Del Usuario Web Numero 823','Aqui va la direccion del Usuario Web  Numero 823','5555521823',0),('usuario_web824@gmail.com','usuarioweb824','Nombre Del Usuario Web Numero 824','Aqui va la direccion del Usuario Web  Numero 824','5555521824',0),('usuario_web825@gmail.com','usuarioweb825','Nombre Del Usuario Web Numero 825','Aqui va la direccion del Usuario Web  Numero 825','5555521825',0),('usuario_web826@gmail.com','usuarioweb826','Nombre Del Usuario Web Numero 826','Aqui va la direccion del Usuario Web  Numero 826','5555521826',0),('usuario_web827@gmail.com','usuarioweb827','Nombre Del Usuario Web Numero 827','Aqui va la direccion del Usuario Web  Numero 827','5555521827',0),('usuario_web828@gmail.com','usuarioweb828','Nombre Del Usuario Web Numero 828','Aqui va la direccion del Usuario Web  Numero 828','5555521828',0),('usuario_web829@gmail.com','usuarioweb829','Nombre Del Usuario Web Numero 829','Aqui va la direccion del Usuario Web  Numero 829','5555521829',0),('usuario_web82@gmail.com','usuarioweb82','Nombre Del Usuario Web Numero 82','Aqui va la direccion del Usuario Web  Numero 82','5555521082',0),('usuario_web830@gmail.com','usuarioweb830','Nombre Del Usuario Web Numero 830','Aqui va la direccion del Usuario Web  Numero 830','5555521830',0),('usuario_web831@gmail.com','usuarioweb831','Nombre Del Usuario Web Numero 831','Aqui va la direccion del Usuario Web  Numero 831','5555521831',0),('usuario_web832@gmail.com','usuarioweb832','Nombre Del Usuario Web Numero 832','Aqui va la direccion del Usuario Web  Numero 832','5555521832',0),('usuario_web833@gmail.com','usuarioweb833','Nombre Del Usuario Web Numero 833','Aqui va la direccion del Usuario Web  Numero 833','5555521833',0),('usuario_web834@gmail.com','usuarioweb834','Nombre Del Usuario Web Numero 834','Aqui va la direccion del Usuario Web  Numero 834','5555521834',0),('usuario_web835@gmail.com','usuarioweb835','Nombre Del Usuario Web Numero 835','Aqui va la direccion del Usuario Web  Numero 835','5555521835',0),('usuario_web836@gmail.com','usuarioweb836','Nombre Del Usuario Web Numero 836','Aqui va la direccion del Usuario Web  Numero 836','5555521836',0),('usuario_web837@gmail.com','usuarioweb837','Nombre Del Usuario Web Numero 837','Aqui va la direccion del Usuario Web  Numero 837','5555521837',0),('usuario_web838@gmail.com','usuarioweb838','Nombre Del Usuario Web Numero 838','Aqui va la direccion del Usuario Web  Numero 838','5555521838',0),('usuario_web839@gmail.com','usuarioweb839','Nombre Del Usuario Web Numero 839','Aqui va la direccion del Usuario Web  Numero 839','5555521839',0),('usuario_web83@gmail.com','usuarioweb83','Nombre Del Usuario Web Numero 83','Aqui va la direccion del Usuario Web  Numero 83','5555521083',0),('usuario_web840@gmail.com','usuarioweb840','Nombre Del Usuario Web Numero 840','Aqui va la direccion del Usuario Web  Numero 840','5555521840',0),('usuario_web841@gmail.com','usuarioweb841','Nombre Del Usuario Web Numero 841','Aqui va la direccion del Usuario Web  Numero 841','5555521841',0),('usuario_web842@gmail.com','usuarioweb842','Nombre Del Usuario Web Numero 842','Aqui va la direccion del Usuario Web  Numero 842','5555521842',0),('usuario_web843@gmail.com','usuarioweb843','Nombre Del Usuario Web Numero 843','Aqui va la direccion del Usuario Web  Numero 843','5555521843',0),('usuario_web844@gmail.com','usuarioweb844','Nombre Del Usuario Web Numero 844','Aqui va la direccion del Usuario Web  Numero 844','5555521844',0),('usuario_web845@gmail.com','usuarioweb845','Nombre Del Usuario Web Numero 845','Aqui va la direccion del Usuario Web  Numero 845','5555521845',0),('usuario_web846@gmail.com','usuarioweb846','Nombre Del Usuario Web Numero 846','Aqui va la direccion del Usuario Web  Numero 846','5555521846',0),('usuario_web847@gmail.com','usuarioweb847','Nombre Del Usuario Web Numero 847','Aqui va la direccion del Usuario Web  Numero 847','5555521847',0),('usuario_web848@gmail.com','usuarioweb848','Nombre Del Usuario Web Numero 848','Aqui va la direccion del Usuario Web  Numero 848','5555521848',0),('usuario_web849@gmail.com','usuarioweb849','Nombre Del Usuario Web Numero 849','Aqui va la direccion del Usuario Web  Numero 849','5555521849',0),('usuario_web84@gmail.com','usuarioweb84','Nombre Del Usuario Web Numero 84','Aqui va la direccion del Usuario Web  Numero 84','5555521084',0),('usuario_web850@gmail.com','usuarioweb850','Nombre Del Usuario Web Numero 850','Aqui va la direccion del Usuario Web  Numero 850','5555521850',0),('usuario_web851@gmail.com','usuarioweb851','Nombre Del Usuario Web Numero 851','Aqui va la direccion del Usuario Web  Numero 851','5555521851',0),('usuario_web852@gmail.com','usuarioweb852','Nombre Del Usuario Web Numero 852','Aqui va la direccion del Usuario Web  Numero 852','5555521852',0),('usuario_web853@gmail.com','usuarioweb853','Nombre Del Usuario Web Numero 853','Aqui va la direccion del Usuario Web  Numero 853','5555521853',0),('usuario_web854@gmail.com','usuarioweb854','Nombre Del Usuario Web Numero 854','Aqui va la direccion del Usuario Web  Numero 854','5555521854',0),('usuario_web855@gmail.com','usuarioweb855','Nombre Del Usuario Web Numero 855','Aqui va la direccion del Usuario Web  Numero 855','5555521855',0),('usuario_web856@gmail.com','usuarioweb856','Nombre Del Usuario Web Numero 856','Aqui va la direccion del Usuario Web  Numero 856','5555521856',0),('usuario_web857@gmail.com','usuarioweb857','Nombre Del Usuario Web Numero 857','Aqui va la direccion del Usuario Web  Numero 857','5555521857',0),('usuario_web858@gmail.com','usuarioweb858','Nombre Del Usuario Web Numero 858','Aqui va la direccion del Usuario Web  Numero 858','5555521858',0),('usuario_web859@gmail.com','usuarioweb859','Nombre Del Usuario Web Numero 859','Aqui va la direccion del Usuario Web  Numero 859','5555521859',0),('usuario_web85@gmail.com','usuarioweb85','Nombre Del Usuario Web Numero 85','Aqui va la direccion del Usuario Web  Numero 85','5555521085',0),('usuario_web860@gmail.com','usuarioweb860','Nombre Del Usuario Web Numero 860','Aqui va la direccion del Usuario Web  Numero 860','5555521860',0),('usuario_web861@gmail.com','usuarioweb861','Nombre Del Usuario Web Numero 861','Aqui va la direccion del Usuario Web  Numero 861','5555521861',0),('usuario_web862@gmail.com','usuarioweb862','Nombre Del Usuario Web Numero 862','Aqui va la direccion del Usuario Web  Numero 862','5555521862',0),('usuario_web863@gmail.com','usuarioweb863','Nombre Del Usuario Web Numero 863','Aqui va la direccion del Usuario Web  Numero 863','5555521863',0),('usuario_web864@gmail.com','usuarioweb864','Nombre Del Usuario Web Numero 864','Aqui va la direccion del Usuario Web  Numero 864','5555521864',0),('usuario_web865@gmail.com','usuarioweb865','Nombre Del Usuario Web Numero 865','Aqui va la direccion del Usuario Web  Numero 865','5555521865',0),('usuario_web866@gmail.com','usuarioweb866','Nombre Del Usuario Web Numero 866','Aqui va la direccion del Usuario Web  Numero 866','5555521866',0),('usuario_web867@gmail.com','usuarioweb867','Nombre Del Usuario Web Numero 867','Aqui va la direccion del Usuario Web  Numero 867','5555521867',0),('usuario_web868@gmail.com','usuarioweb868','Nombre Del Usuario Web Numero 868','Aqui va la direccion del Usuario Web  Numero 868','5555521868',0),('usuario_web869@gmail.com','usuarioweb869','Nombre Del Usuario Web Numero 869','Aqui va la direccion del Usuario Web  Numero 869','5555521869',0),('usuario_web86@gmail.com','usuarioweb86','Nombre Del Usuario Web Numero 86','Aqui va la direccion del Usuario Web  Numero 86','5555521086',0),('usuario_web870@gmail.com','usuarioweb870','Nombre Del Usuario Web Numero 870','Aqui va la direccion del Usuario Web  Numero 870','5555521870',0),('usuario_web871@gmail.com','usuarioweb871','Nombre Del Usuario Web Numero 871','Aqui va la direccion del Usuario Web  Numero 871','5555521871',0),('usuario_web872@gmail.com','usuarioweb872','Nombre Del Usuario Web Numero 872','Aqui va la direccion del Usuario Web  Numero 872','5555521872',0),('usuario_web873@gmail.com','usuarioweb873','Nombre Del Usuario Web Numero 873','Aqui va la direccion del Usuario Web  Numero 873','5555521873',0),('usuario_web874@gmail.com','usuarioweb874','Nombre Del Usuario Web Numero 874','Aqui va la direccion del Usuario Web  Numero 874','5555521874',0),('usuario_web875@gmail.com','usuarioweb875','Nombre Del Usuario Web Numero 875','Aqui va la direccion del Usuario Web  Numero 875','5555521875',0),('usuario_web876@gmail.com','usuarioweb876','Nombre Del Usuario Web Numero 876','Aqui va la direccion del Usuario Web  Numero 876','5555521876',0),('usuario_web877@gmail.com','usuarioweb877','Nombre Del Usuario Web Numero 877','Aqui va la direccion del Usuario Web  Numero 877','5555521877',0),('usuario_web878@gmail.com','usuarioweb878','Nombre Del Usuario Web Numero 878','Aqui va la direccion del Usuario Web  Numero 878','5555521878',0),('usuario_web879@gmail.com','usuarioweb879','Nombre Del Usuario Web Numero 879','Aqui va la direccion del Usuario Web  Numero 879','5555521879',0),('usuario_web87@gmail.com','usuarioweb87','Nombre Del Usuario Web Numero 87','Aqui va la direccion del Usuario Web  Numero 87','5555521087',0),('usuario_web880@gmail.com','usuarioweb880','Nombre Del Usuario Web Numero 880','Aqui va la direccion del Usuario Web  Numero 880','5555521880',0),('usuario_web881@gmail.com','usuarioweb881','Nombre Del Usuario Web Numero 881','Aqui va la direccion del Usuario Web  Numero 881','5555521881',0),('usuario_web882@gmail.com','usuarioweb882','Nombre Del Usuario Web Numero 882','Aqui va la direccion del Usuario Web  Numero 882','5555521882',0),('usuario_web883@gmail.com','usuarioweb883','Nombre Del Usuario Web Numero 883','Aqui va la direccion del Usuario Web  Numero 883','5555521883',0),('usuario_web884@gmail.com','usuarioweb884','Nombre Del Usuario Web Numero 884','Aqui va la direccion del Usuario Web  Numero 884','5555521884',0),('usuario_web885@gmail.com','usuarioweb885','Nombre Del Usuario Web Numero 885','Aqui va la direccion del Usuario Web  Numero 885','5555521885',0),('usuario_web886@gmail.com','usuarioweb886','Nombre Del Usuario Web Numero 886','Aqui va la direccion del Usuario Web  Numero 886','5555521886',0),('usuario_web887@gmail.com','usuarioweb887','Nombre Del Usuario Web Numero 887','Aqui va la direccion del Usuario Web  Numero 887','5555521887',0),('usuario_web888@gmail.com','usuarioweb888','Nombre Del Usuario Web Numero 888','Aqui va la direccion del Usuario Web  Numero 888','5555521888',0),('usuario_web889@gmail.com','usuarioweb889','Nombre Del Usuario Web Numero 889','Aqui va la direccion del Usuario Web  Numero 889','5555521889',0),('usuario_web88@gmail.com','usuarioweb88','Nombre Del Usuario Web Numero 88','Aqui va la direccion del Usuario Web  Numero 88','5555521088',0),('usuario_web890@gmail.com','usuarioweb890','Nombre Del Usuario Web Numero 890','Aqui va la direccion del Usuario Web  Numero 890','5555521890',0),('usuario_web891@gmail.com','usuarioweb891','Nombre Del Usuario Web Numero 891','Aqui va la direccion del Usuario Web  Numero 891','5555521891',0),('usuario_web892@gmail.com','usuarioweb892','Nombre Del Usuario Web Numero 892','Aqui va la direccion del Usuario Web  Numero 892','5555521892',0),('usuario_web893@gmail.com','usuarioweb893','Nombre Del Usuario Web Numero 893','Aqui va la direccion del Usuario Web  Numero 893','5555521893',0),('usuario_web894@gmail.com','usuarioweb894','Nombre Del Usuario Web Numero 894','Aqui va la direccion del Usuario Web  Numero 894','5555521894',0),('usuario_web895@gmail.com','usuarioweb895','Nombre Del Usuario Web Numero 895','Aqui va la direccion del Usuario Web  Numero 895','5555521895',0),('usuario_web896@gmail.com','usuarioweb896','Nombre Del Usuario Web Numero 896','Aqui va la direccion del Usuario Web  Numero 896','5555521896',0),('usuario_web897@gmail.com','usuarioweb897','Nombre Del Usuario Web Numero 897','Aqui va la direccion del Usuario Web  Numero 897','5555521897',0),('usuario_web898@gmail.com','usuarioweb898','Nombre Del Usuario Web Numero 898','Aqui va la direccion del Usuario Web  Numero 898','5555521898',0),('usuario_web899@gmail.com','usuarioweb899','Nombre Del Usuario Web Numero 899','Aqui va la direccion del Usuario Web  Numero 899','5555521899',0),('usuario_web89@gmail.com','usuarioweb89','Nombre Del Usuario Web Numero 89','Aqui va la direccion del Usuario Web  Numero 89','5555521089',0),('usuario_web8@gmail.com','usuarioweb8','Nombre Del Usuario Web Numero 8','Aqui va la direccion del Usuario Web  Numero 8','5555521008',0),('usuario_web900@gmail.com','usuarioweb900','Nombre Del Usuario Web Numero 900','Aqui va la direccion del Usuario Web  Numero 900','5555521900',0),('usuario_web901@gmail.com','usuarioweb901','Nombre Del Usuario Web Numero 901','Aqui va la direccion del Usuario Web  Numero 901','5555521901',0),('usuario_web902@gmail.com','usuarioweb902','Nombre Del Usuario Web Numero 902','Aqui va la direccion del Usuario Web  Numero 902','5555521902',0),('usuario_web903@gmail.com','usuarioweb903','Nombre Del Usuario Web Numero 903','Aqui va la direccion del Usuario Web  Numero 903','5555521903',0),('usuario_web904@gmail.com','usuarioweb904','Nombre Del Usuario Web Numero 904','Aqui va la direccion del Usuario Web  Numero 904','5555521904',0),('usuario_web905@gmail.com','usuarioweb905','Nombre Del Usuario Web Numero 905','Aqui va la direccion del Usuario Web  Numero 905','5555521905',0),('usuario_web906@gmail.com','usuarioweb906','Nombre Del Usuario Web Numero 906','Aqui va la direccion del Usuario Web  Numero 906','5555521906',0),('usuario_web907@gmail.com','usuarioweb907','Nombre Del Usuario Web Numero 907','Aqui va la direccion del Usuario Web  Numero 907','5555521907',0),('usuario_web908@gmail.com','usuarioweb908','Nombre Del Usuario Web Numero 908','Aqui va la direccion del Usuario Web  Numero 908','5555521908',0),('usuario_web909@gmail.com','usuarioweb909','Nombre Del Usuario Web Numero 909','Aqui va la direccion del Usuario Web  Numero 909','5555521909',0),('usuario_web90@gmail.com','usuarioweb90','Nombre Del Usuario Web Numero 90','Aqui va la direccion del Usuario Web  Numero 90','5555521090',0),('usuario_web910@gmail.com','usuarioweb910','Nombre Del Usuario Web Numero 910','Aqui va la direccion del Usuario Web  Numero 910','5555521910',0),('usuario_web911@gmail.com','usuarioweb911','Nombre Del Usuario Web Numero 911','Aqui va la direccion del Usuario Web  Numero 911','5555521911',0),('usuario_web912@gmail.com','usuarioweb912','Nombre Del Usuario Web Numero 912','Aqui va la direccion del Usuario Web  Numero 912','5555521912',0),('usuario_web913@gmail.com','usuarioweb913','Nombre Del Usuario Web Numero 913','Aqui va la direccion del Usuario Web  Numero 913','5555521913',0),('usuario_web914@gmail.com','usuarioweb914','Nombre Del Usuario Web Numero 914','Aqui va la direccion del Usuario Web  Numero 914','5555521914',0),('usuario_web915@gmail.com','usuarioweb915','Nombre Del Usuario Web Numero 915','Aqui va la direccion del Usuario Web  Numero 915','5555521915',0),('usuario_web916@gmail.com','usuarioweb916','Nombre Del Usuario Web Numero 916','Aqui va la direccion del Usuario Web  Numero 916','5555521916',0),('usuario_web917@gmail.com','usuarioweb917','Nombre Del Usuario Web Numero 917','Aqui va la direccion del Usuario Web  Numero 917','5555521917',0),('usuario_web918@gmail.com','usuarioweb918','Nombre Del Usuario Web Numero 918','Aqui va la direccion del Usuario Web  Numero 918','5555521918',0),('usuario_web919@gmail.com','usuarioweb919','Nombre Del Usuario Web Numero 919','Aqui va la direccion del Usuario Web  Numero 919','5555521919',0),('usuario_web91@gmail.com','usuarioweb91','Nombre Del Usuario Web Numero 91','Aqui va la direccion del Usuario Web  Numero 91','5555521091',0),('usuario_web920@gmail.com','usuarioweb920','Nombre Del Usuario Web Numero 920','Aqui va la direccion del Usuario Web  Numero 920','5555521920',0),('usuario_web921@gmail.com','usuarioweb921','Nombre Del Usuario Web Numero 921','Aqui va la direccion del Usuario Web  Numero 921','5555521921',0),('usuario_web922@gmail.com','usuarioweb922','Nombre Del Usuario Web Numero 922','Aqui va la direccion del Usuario Web  Numero 922','5555521922',0),('usuario_web923@gmail.com','usuarioweb923','Nombre Del Usuario Web Numero 923','Aqui va la direccion del Usuario Web  Numero 923','5555521923',0),('usuario_web924@gmail.com','usuarioweb924','Nombre Del Usuario Web Numero 924','Aqui va la direccion del Usuario Web  Numero 924','5555521924',0),('usuario_web925@gmail.com','usuarioweb925','Nombre Del Usuario Web Numero 925','Aqui va la direccion del Usuario Web  Numero 925','5555521925',0),('usuario_web926@gmail.com','usuarioweb926','Nombre Del Usuario Web Numero 926','Aqui va la direccion del Usuario Web  Numero 926','5555521926',0),('usuario_web927@gmail.com','usuarioweb927','Nombre Del Usuario Web Numero 927','Aqui va la direccion del Usuario Web  Numero 927','5555521927',0),('usuario_web928@gmail.com','usuarioweb928','Nombre Del Usuario Web Numero 928','Aqui va la direccion del Usuario Web  Numero 928','5555521928',0),('usuario_web929@gmail.com','usuarioweb929','Nombre Del Usuario Web Numero 929','Aqui va la direccion del Usuario Web  Numero 929','5555521929',0),('usuario_web92@gmail.com','usuarioweb92','Nombre Del Usuario Web Numero 92','Aqui va la direccion del Usuario Web  Numero 92','5555521092',0),('usuario_web930@gmail.com','usuarioweb930','Nombre Del Usuario Web Numero 930','Aqui va la direccion del Usuario Web  Numero 930','5555521930',0),('usuario_web931@gmail.com','usuarioweb931','Nombre Del Usuario Web Numero 931','Aqui va la direccion del Usuario Web  Numero 931','5555521931',0),('usuario_web932@gmail.com','usuarioweb932','Nombre Del Usuario Web Numero 932','Aqui va la direccion del Usuario Web  Numero 932','5555521932',0),('usuario_web933@gmail.com','usuarioweb933','Nombre Del Usuario Web Numero 933','Aqui va la direccion del Usuario Web  Numero 933','5555521933',0),('usuario_web934@gmail.com','usuarioweb934','Nombre Del Usuario Web Numero 934','Aqui va la direccion del Usuario Web  Numero 934','5555521934',0),('usuario_web935@gmail.com','usuarioweb935','Nombre Del Usuario Web Numero 935','Aqui va la direccion del Usuario Web  Numero 935','5555521935',0),('usuario_web936@gmail.com','usuarioweb936','Nombre Del Usuario Web Numero 936','Aqui va la direccion del Usuario Web  Numero 936','5555521936',0),('usuario_web937@gmail.com','usuarioweb937','Nombre Del Usuario Web Numero 937','Aqui va la direccion del Usuario Web  Numero 937','5555521937',0),('usuario_web938@gmail.com','usuarioweb938','Nombre Del Usuario Web Numero 938','Aqui va la direccion del Usuario Web  Numero 938','5555521938',0),('usuario_web939@gmail.com','usuarioweb939','Nombre Del Usuario Web Numero 939','Aqui va la direccion del Usuario Web  Numero 939','5555521939',0),('usuario_web93@gmail.com','usuarioweb93','Nombre Del Usuario Web Numero 93','Aqui va la direccion del Usuario Web  Numero 93','5555521093',0),('usuario_web940@gmail.com','usuarioweb940','Nombre Del Usuario Web Numero 940','Aqui va la direccion del Usuario Web  Numero 940','5555521940',0),('usuario_web941@gmail.com','usuarioweb941','Nombre Del Usuario Web Numero 941','Aqui va la direccion del Usuario Web  Numero 941','5555521941',0),('usuario_web942@gmail.com','usuarioweb942','Nombre Del Usuario Web Numero 942','Aqui va la direccion del Usuario Web  Numero 942','5555521942',0),('usuario_web943@gmail.com','usuarioweb943','Nombre Del Usuario Web Numero 943','Aqui va la direccion del Usuario Web  Numero 943','5555521943',0),('usuario_web944@gmail.com','usuarioweb944','Nombre Del Usuario Web Numero 944','Aqui va la direccion del Usuario Web  Numero 944','5555521944',0),('usuario_web945@gmail.com','usuarioweb945','Nombre Del Usuario Web Numero 945','Aqui va la direccion del Usuario Web  Numero 945','5555521945',0),('usuario_web946@gmail.com','usuarioweb946','Nombre Del Usuario Web Numero 946','Aqui va la direccion del Usuario Web  Numero 946','5555521946',0),('usuario_web947@gmail.com','usuarioweb947','Nombre Del Usuario Web Numero 947','Aqui va la direccion del Usuario Web  Numero 947','5555521947',0),('usuario_web948@gmail.com','usuarioweb948','Nombre Del Usuario Web Numero 948','Aqui va la direccion del Usuario Web  Numero 948','5555521948',0),('usuario_web949@gmail.com','usuarioweb949','Nombre Del Usuario Web Numero 949','Aqui va la direccion del Usuario Web  Numero 949','5555521949',0),('usuario_web94@gmail.com','usuarioweb94','Nombre Del Usuario Web Numero 94','Aqui va la direccion del Usuario Web  Numero 94','5555521094',0),('usuario_web950@gmail.com','usuarioweb950','Nombre Del Usuario Web Numero 950','Aqui va la direccion del Usuario Web  Numero 950','5555521950',0),('usuario_web951@gmail.com','usuarioweb951','Nombre Del Usuario Web Numero 951','Aqui va la direccion del Usuario Web  Numero 951','5555521951',0),('usuario_web952@gmail.com','usuarioweb952','Nombre Del Usuario Web Numero 952','Aqui va la direccion del Usuario Web  Numero 952','5555521952',0),('usuario_web953@gmail.com','usuarioweb953','Nombre Del Usuario Web Numero 953','Aqui va la direccion del Usuario Web  Numero 953','5555521953',0),('usuario_web954@gmail.com','usuarioweb954','Nombre Del Usuario Web Numero 954','Aqui va la direccion del Usuario Web  Numero 954','5555521954',0),('usuario_web955@gmail.com','usuarioweb955','Nombre Del Usuario Web Numero 955','Aqui va la direccion del Usuario Web  Numero 955','5555521955',0),('usuario_web956@gmail.com','usuarioweb956','Nombre Del Usuario Web Numero 956','Aqui va la direccion del Usuario Web  Numero 956','5555521956',0),('usuario_web957@gmail.com','usuarioweb957','Nombre Del Usuario Web Numero 957','Aqui va la direccion del Usuario Web  Numero 957','5555521957',0),('usuario_web958@gmail.com','usuarioweb958','Nombre Del Usuario Web Numero 958','Aqui va la direccion del Usuario Web  Numero 958','5555521958',0),('usuario_web959@gmail.com','usuarioweb959','Nombre Del Usuario Web Numero 959','Aqui va la direccion del Usuario Web  Numero 959','5555521959',0),('usuario_web95@gmail.com','usuarioweb95','Nombre Del Usuario Web Numero 95','Aqui va la direccion del Usuario Web  Numero 95','5555521095',0),('usuario_web960@gmail.com','usuarioweb960','Nombre Del Usuario Web Numero 960','Aqui va la direccion del Usuario Web  Numero 960','5555521960',0),('usuario_web961@gmail.com','usuarioweb961','Nombre Del Usuario Web Numero 961','Aqui va la direccion del Usuario Web  Numero 961','5555521961',0),('usuario_web962@gmail.com','usuarioweb962','Nombre Del Usuario Web Numero 962','Aqui va la direccion del Usuario Web  Numero 962','5555521962',0),('usuario_web963@gmail.com','usuarioweb963','Nombre Del Usuario Web Numero 963','Aqui va la direccion del Usuario Web  Numero 963','5555521963',0),('usuario_web964@gmail.com','usuarioweb964','Nombre Del Usuario Web Numero 964','Aqui va la direccion del Usuario Web  Numero 964','5555521964',0),('usuario_web965@gmail.com','usuarioweb965','Nombre Del Usuario Web Numero 965','Aqui va la direccion del Usuario Web  Numero 965','5555521965',0),('usuario_web966@gmail.com','usuarioweb966','Nombre Del Usuario Web Numero 966','Aqui va la direccion del Usuario Web  Numero 966','5555521966',0),('usuario_web967@gmail.com','usuarioweb967','Nombre Del Usuario Web Numero 967','Aqui va la direccion del Usuario Web  Numero 967','5555521967',0),('usuario_web968@gmail.com','usuarioweb968','Nombre Del Usuario Web Numero 968','Aqui va la direccion del Usuario Web  Numero 968','5555521968',0),('usuario_web969@gmail.com','usuarioweb969','Nombre Del Usuario Web Numero 969','Aqui va la direccion del Usuario Web  Numero 969','5555521969',0),('usuario_web96@gmail.com','usuarioweb96','Nombre Del Usuario Web Numero 96','Aqui va la direccion del Usuario Web  Numero 96','5555521096',0),('usuario_web970@gmail.com','usuarioweb970','Nombre Del Usuario Web Numero 970','Aqui va la direccion del Usuario Web  Numero 970','5555521970',0),('usuario_web971@gmail.com','usuarioweb971','Nombre Del Usuario Web Numero 971','Aqui va la direccion del Usuario Web  Numero 971','5555521971',0),('usuario_web972@gmail.com','usuarioweb972','Nombre Del Usuario Web Numero 972','Aqui va la direccion del Usuario Web  Numero 972','5555521972',0),('usuario_web973@gmail.com','usuarioweb973','Nombre Del Usuario Web Numero 973','Aqui va la direccion del Usuario Web  Numero 973','5555521973',0),('usuario_web974@gmail.com','usuarioweb974','Nombre Del Usuario Web Numero 974','Aqui va la direccion del Usuario Web  Numero 974','5555521974',0),('usuario_web975@gmail.com','usuarioweb975','Nombre Del Usuario Web Numero 975','Aqui va la direccion del Usuario Web  Numero 975','5555521975',0),('usuario_web976@gmail.com','usuarioweb976','Nombre Del Usuario Web Numero 976','Aqui va la direccion del Usuario Web  Numero 976','5555521976',0),('usuario_web977@gmail.com','usuarioweb977','Nombre Del Usuario Web Numero 977','Aqui va la direccion del Usuario Web  Numero 977','5555521977',0),('usuario_web978@gmail.com','usuarioweb978','Nombre Del Usuario Web Numero 978','Aqui va la direccion del Usuario Web  Numero 978','5555521978',0),('usuario_web979@gmail.com','usuarioweb979','Nombre Del Usuario Web Numero 979','Aqui va la direccion del Usuario Web  Numero 979','5555521979',0),('usuario_web97@gmail.com','usuarioweb97','Nombre Del Usuario Web Numero 97','Aqui va la direccion del Usuario Web  Numero 97','5555521097',0),('usuario_web980@gmail.com','usuarioweb980','Nombre Del Usuario Web Numero 980','Aqui va la direccion del Usuario Web  Numero 980','5555521980',0),('usuario_web981@gmail.com','usuarioweb981','Nombre Del Usuario Web Numero 981','Aqui va la direccion del Usuario Web  Numero 981','5555521981',0),('usuario_web982@gmail.com','usuarioweb982','Nombre Del Usuario Web Numero 982','Aqui va la direccion del Usuario Web  Numero 982','5555521982',0),('usuario_web983@gmail.com','usuarioweb983','Nombre Del Usuario Web Numero 983','Aqui va la direccion del Usuario Web  Numero 983','5555521983',0),('usuario_web984@gmail.com','usuarioweb984','Nombre Del Usuario Web Numero 984','Aqui va la direccion del Usuario Web  Numero 984','5555521984',0),('usuario_web985@gmail.com','usuarioweb985','Nombre Del Usuario Web Numero 985','Aqui va la direccion del Usuario Web  Numero 985','5555521985',0),('usuario_web986@gmail.com','usuarioweb986','Nombre Del Usuario Web Numero 986','Aqui va la direccion del Usuario Web  Numero 986','5555521986',0),('usuario_web987@gmail.com','usuarioweb987','Nombre Del Usuario Web Numero 987','Aqui va la direccion del Usuario Web  Numero 987','5555521987',0),('usuario_web988@gmail.com','usuarioweb988','Nombre Del Usuario Web Numero 988','Aqui va la direccion del Usuario Web  Numero 988','5555521988',0),('usuario_web989@gmail.com','usuarioweb989','Nombre Del Usuario Web Numero 989','Aqui va la direccion del Usuario Web  Numero 989','5555521989',0),('usuario_web98@gmail.com','usuarioweb98','Nombre Del Usuario Web Numero 98','Aqui va la direccion del Usuario Web  Numero 98','5555521098',0),('usuario_web990@gmail.com','usuarioweb990','Nombre Del Usuario Web Numero 990','Aqui va la direccion del Usuario Web  Numero 990','5555521990',0),('usuario_web991@gmail.com','usuarioweb991','Nombre Del Usuario Web Numero 991','Aqui va la direccion del Usuario Web  Numero 991','5555521991',0),('usuario_web992@gmail.com','usuarioweb992','Nombre Del Usuario Web Numero 992','Aqui va la direccion del Usuario Web  Numero 992','5555521992',0),('usuario_web993@gmail.com','usuarioweb993','Nombre Del Usuario Web Numero 993','Aqui va la direccion del Usuario Web  Numero 993','5555521993',0),('usuario_web994@gmail.com','usuarioweb994','Nombre Del Usuario Web Numero 994','Aqui va la direccion del Usuario Web  Numero 994','5555521994',0),('usuario_web995@gmail.com','usuarioweb995','Nombre Del Usuario Web Numero 995','Aqui va la direccion del Usuario Web  Numero 995','5555521995',0),('usuario_web996@gmail.com','usuarioweb996','Nombre Del Usuario Web Numero 996','Aqui va la direccion del Usuario Web  Numero 996','5555521996',0),('usuario_web997@gmail.com','usuarioweb997','Nombre Del Usuario Web Numero 997','Aqui va la direccion del Usuario Web  Numero 997','5555521997',0),('usuario_web998@gmail.com','usuarioweb998','Nombre Del Usuario Web Numero 998','Aqui va la direccion del Usuario Web  Numero 998','5555521998',0),('usuario_web999@gmail.com','usuarioweb999','Nombre Del Usuario Web Numero 999','Aqui va la direccion del Usuario Web  Numero 999','5555521999',0),('usuario_web99@gmail.com','usuarioweb99','Nombre Del Usuario Web Numero 99','Aqui va la direccion del Usuario Web  Numero 99','5555521099',0),('usuario_web9@gmail.com','usuarioweb9','Nombre Del Usuario Web Numero 9','Aqui va la direccion del Usuario Web  Numero 9','5555521009',0);
/*!40000 ALTER TABLE `usuario` ENABLE KEYS */;
UNLOCK TABLES;
/*!40103 SET TIME_ZONE=@OLD_TIME_ZONE */;

/*!40101 SET SQL_MODE=@OLD_SQL_MODE */;
/*!40014 SET FOREIGN_KEY_CHECKS=@OLD_FOREIGN_KEY_CHECKS */;
/*!40014 SET UNIQUE_CHECKS=@OLD_UNIQUE_CHECKS */;
/*!40101 SET CHARACTER_SET_CLIENT=@OLD_CHARACTER_SET_CLIENT */;
/*!40101 SET CHARACTER_SET_RESULTS=@OLD_CHARACTER_SET_RESULTS */;
/*!40101 SET COLLATION_CONNECTION=@OLD_COLLATION_CONNECTION */;
/*!40111 SET SQL_NOTES=@OLD_SQL_NOTES */;

-- Dump completed on 2016-05-29 15:33:51
